Id,Geometry,City,Address,Amenity
82753755,POINT (2.1585725 41.4025115),Barcelona,carrer Ramon I Cajal 24,Pharmacy
82781675,POINT (2.157597 41.4031147),Barcelona,carrer Verdi 7,Pharmacy
82781676,POINT (2.1553363 41.4039465),Barcelona,carrer Asturies 54,Pharmacy
192325938,POINT (2.1715874 41.3764247),Barcelona,carrer Nou de Les Rambles 75,Pharmacy
194526301,POINT (2.1732928 41.3782412),Barcelona,carrer Nou de Les Rambles 28,Pharmacy
194528211,POINT (2.1725153 41.3822988),Barcelona,rambla La Rambla 98,Pharmacy
194528925,POINT (2.1671991 41.3753821),Barcelona,ronda Sant Pau 3,Pharmacy
196333977,POINT (2.1674957 41.3774283),Barcelona,carrer Carretes 35,Pharmacy
364741620,POINT (2.1497797 41.3937636),Barcelona,carrer Muntaner 223,Pharmacy
364813692,POINT (2.1445936 41.3933021),Barcelona,plaça Francesc Macià 3,Pharmacy
364829688,POINT (2.1379764 41.3919314),Barcelona,carrer Ganduxer 5,Pharmacy
364844485,POINT (2.1253205 41.3912953),Barcelona,passeig de Manuel Girona 56,Pharmacy
364844493,POINT (2.1226099 41.3906341),Barcelona,passeig de Manuel Girona 28,Pharmacy
430755048,POINT (2.1408569 41.4197988),Barcelona,,Pharmacy
430755135,POINT (2.142485 41.4154874),Barcelona,avinguda Vallcarca 188,Pharmacy
451796001,POINT (2.1751995 41.4469028),Barcelona,carrer Les Torres 58,Pharmacy
452479752,POINT (2.1395126 41.4120106),Barcelona,carrer de Craywinckel 7,Pharmacy
506236252,POINT (2.1784533 41.3942532),Barcelona,carrer Roger De Flor 87,Pharmacy
506236269,POINT (2.189737 41.3923144),Barcelona,carrer de la Marina 69,Pharmacy
599700443,POINT (2.1786434 41.4057761),Barcelona,carrer Mallorca 468,Pharmacy
600301360,POINT (2.1476885 41.3895915),Barcelona,carrer Paris 111,Pharmacy
618460214,POINT (2.1990606 41.4114535),Barcelona,carrer Bac de Roda 168,Pharmacy
652419378,POINT (2.1719165 41.4451469),Barcelona,carrer Alcantara 1,Pharmacy
672769835,POINT (2.1696695 41.3835968),Barcelona,carrer Xucla 21,Pharmacy
672778150,POINT (2.1800918 41.398628),Barcelona,gv corts catalanes 00731,Pharmacy
672779506,POINT (2.1793749 41.4000479),Barcelona,,Pharmacy
674688757,POINT (2.1893469 41.3756728),Barcelona,passeig de Joan de Borbó 72,Pharmacy
691581801,POINT (2.170421 41.3845322),Barcelona,rambla Canaletes 121,Pharmacy
709125037,POINT (2.1432933 41.3751115),Barcelona,carrer Creu Coberta 95,Pharmacy
709125044,POINT (2.1405636 41.3751342),Barcelona,carrer Sants 5,Pharmacy
814996962,POINT (2.1561348 41.3888208),Barcelona,carrer Mallorca 176,Pharmacy
821633375,POINT (2.1785741 41.4410503),Barcelona,carrer Santa Engracia 73,Pharmacy
826085076,POINT (2.1886861 41.3790544),Barcelona,carrer Sant Carles 7,Pharmacy
847716885,POINT (2.1694012 41.417609),Barcelona,carrer de Brusel·les 43,Pharmacy
847721560,POINT (2.1704461 41.4167971),Barcelona,Avinguda Mare de Déu de Montserrat 143,Pharmacy
847721562,POINT (2.1685072 41.4158266),Barcelona,avinguda Mare de Déu de Montserrat 109,Pharmacy
863150513,POINT (2.1723734 41.4188827),Barcelona,avinguda Mare de Déu de Montserrat 158,Pharmacy
868362394,POINT (2.1509493 41.4070128),Barcelona,plaça Lesseps 11,Pharmacy
915706508,POINT (2.1792626 41.4078928),Barcelona,carrer Provença 536,Pharmacy
981803834,POINT (2.131757 41.3680259),Barcelona,riera Blanca 191,Pharmacy
1017920065,POINT (2.1767217 41.4318264),Barcelona,carrer Maladeta 7,Pharmacy
1017920109,POINT (2.1780111 41.4303951),Barcelona,passeig de Fabra i Puig 210,Pharmacy
1017920178,POINT (2.1792112 41.433717),Barcelona,carrer Piferrer 99,Pharmacy
1043786413,POINT (2.1690953 41.3764198),Barcelona,carrer de Sant Pau 112,Pharmacy
1043786520,POINT (2.1708742 41.378022),Barcelona,carrer Sant Pau 70,Pharmacy
1072737446,POINT (2.1752838 41.3845553),Barcelona,avinguda Catedral 1,Pharmacy
1137716661,POINT (2.2060386 41.416416),Barcelona,,Pharmacy
1156309918,POINT (2.1770667 41.4089399),Barcelona,carrer Cartagena 267,Pharmacy
1156310002,POINT (2.1814017 41.406082),Barcelona,carrer València 530,Pharmacy
1163209633,POINT (2.1397402 41.3709031),Barcelona,carrer Gava 59,Pharmacy
1163209638,POINT (2.1388753 41.3696251),Barcelona,carrer Bartomeu Pi 26,Pharmacy
1198011393,POINT (2.1524822 41.3878106),Barcelona,carrer Provença 156,Pharmacy
1215020586,POINT (2.1850032 41.4403511),Barcelona,avinguda Meridiana 479,Pharmacy
1224389971,POINT (2.142307 41.4114618),Barcelona,avinguda de la República Argentina 175,Pharmacy
1235273143,POINT (2.1803522 41.403655),Barcelona,carrer Arago 476,Pharmacy
1316044971,POINT (2.1192464 41.3771897),Barcelona,carrer Pintor Tapiro 11,Pharmacy
1320545234,POINT (2.187383 41.4262731),Barcelona,carrer Pacífic 61,Pharmacy
1343390879,POINT (2.1752469 41.40527),Barcelona,,Pharmacy
1343797332,POINT (2.1258408 41.3805817),Barcelona,carrer Comandant Benitez 30,Pharmacy
1345276492,POINT (2.1527779 41.4024315),Barcelona,,Pharmacy
1357211195,POINT (2.1587343 41.4045145),Barcelona,carrer Torrent D'En Vidalet 35,Pharmacy
1357211266,POINT (2.1507105 41.4053041),Barcelona,carrer Gran De Gracia 237,Pharmacy
1357512133,POINT (2.1506816 41.3896561),Barcelona,carrer Villarroel 201,Pharmacy
1368519080,POINT (2.1551764 41.4013552),Barcelona,carrer Ros D'Olano 15,Pharmacy
1374308500,POINT (2.1204842 41.3897403),Barcelona,passeig de Manuel Girona 4,Pharmacy
1374539434,POINT (2.1423258 41.4220453),Barcelona,carrer Arenys 25,Pharmacy
1374545262,POINT (2.1471603 41.4231784),Barcelona,carrer Arenys 108,Pharmacy
1374637982,POINT (2.1619319 41.3850083),Barcelona,gv corts catalanes 00571,Pharmacy
1410985527,POINT (2.184027 41.4007844),Barcelona,carrer Padilla 156,Pharmacy
1415379792,POINT (2.1277209 41.3788027),Barcelona,avinguda Madrid 103,Pharmacy
1445371244,POINT (2.1607109 41.4013185),Barcelona,,Pharmacy
1458911238,POINT (2.1812194 41.4303531),Barcelona,passeig de Fabra i Puig 136,Pharmacy
1461097771,POINT (2.1395282 41.4185914),Barcelona,passeig de la Vall D'Hebron 58,Pharmacy
1472999638,POINT (2.1177342 41.3758686),Barcelona,carrer Collblanc 66,Pharmacy
1483279485,POINT (2.1581269 41.407653),Barcelona,plaça Rovira I Trias 11,Pharmacy
1483279633,POINT (2.1584737 41.4073716),Barcelona,plaça Rovira I Trias 1,Pharmacy
1497126915,POINT (2.1817293 41.3717896),Barcelona,mo barcelona 1,Pharmacy
1588288897,POINT (2.1580868 41.4229812),Barcelona,rambla Carmel 82,Pharmacy
1588288901,POINT (2.162453 41.4238495),Barcelona,carrer Pedrell 121,Pharmacy
1588293533,POINT (2.1552548 41.423936),Barcelona,carrer Llobregos 140,Pharmacy
1588293535,POINT (2.1575799 41.4253291),Barcelona,rambla Carmel 44,Pharmacy
1596815715,POINT (2.1881188 41.3815974),Barcelona,carrer Ginebra 13,Pharmacy
1634930367,POINT (2.1695952 41.4421635),Barcelona,vi favència 0172,Pharmacy
1635303512,POINT (2.169692 41.4381828),Barcelona,passeig de Valldaura 184,Pharmacy
1635313894,POINT (2.1755056 41.4386152),Barcelona,passeig de Valldaura 191,Pharmacy
1635394057,POINT (2.1724667 41.4356175),Barcelona,passeig de Verdum 2,Pharmacy
1635399808,POINT (2.1745367 41.4306264),Barcelona,carrer Doctor Pi I Molist 1,Pharmacy
1636937802,POINT (2.1680412 41.387509),Barcelona,rambla Catalunya 1,Pharmacy
1637113030,POINT (2.1165524 41.3770594),Barcelona,avinguda Sant Ramon Nonat 23,Pharmacy
1659740688,POINT (2.1432103 41.3951306),Barcelona,carrer Laforja 109,Pharmacy
1666958588,POINT (2.1239979 41.3750461),Barcelona,carrer Torns 31,Pharmacy
1677723370,POINT (2.1296664 41.3829679),Barcelona,Travessera De Les Corts 190,Pharmacy
1706985414,POINT (2.1609175 41.3739469),Barcelona,carrer Elcano 70,Pharmacy
1720802592,POINT (2.1522228 41.403036),Barcelona,carrer Gran De Gracia 167,Pharmacy
1720822314,POINT (2.150339 41.4032686),Barcelona,carrer Carolines 26,Pharmacy
1744712806,POINT (2.1756301 41.4428831),Barcelona,carrer Viladrosa 51-59,Pharmacy
1804156486,POINT (2.1787601 41.381529),Barcelona,plaça Regomir 3,Pharmacy
1824133926,POINT (2.1630604 41.3742972),Barcelona,carrer Blasco De Garay 10,Pharmacy
1824133942,POINT (2.1644987 41.3738458),Barcelona,carrer Tapioles 16,Pharmacy
1854110315,POINT (2.1847584 41.4504768),Barcelona,carrer Vila-Real 3-5,Pharmacy
1878636905,POINT (2.1269597 41.3720041),Barcelona,riera Blanca 109,Pharmacy
1886635514,POINT (2.1568287 41.3930495),Barcelona,carrer Rosselló 215,Pharmacy
1889913518,POINT (2.1574701 41.3918448),Barcelona,carrer Provença 195,Pharmacy
1933607876,POINT (2.1411131 41.4248731),Barcelona,carrer de Judea 1,Pharmacy
1934408100,POINT (2.2043058 41.4045602),Barcelona,carrer Pujadas 247,Pharmacy
1934456528,POINT (2.2061286 41.4021586),Barcelona,carrer Ramon Turro 252,Pharmacy
1934456533,POINT (2.2023 41.4012401),Barcelona,carrer Llull 187,Pharmacy
1934456740,POINT (2.2027304 41.4000842),Barcelona,rambla Poblenou 46,Pharmacy
1934457204,POINT (2.204458 41.4028843),Barcelona,carrer Llull 229,Pharmacy
1934457513,POINT (2.2068807 41.4047252),Barcelona,carrer Llull 269,Pharmacy
1934457525,POINT (2.2019129 41.4055342),Barcelona,carrer Lope de Vega 123,Pharmacy
1934457542,POINT (2.2117058 41.4052437),Barcelona,Carrer de Provençals 12,Pharmacy
1934457572,POINT (2.2102018 41.4081851),Barcelona,carrer de Selva de Mar 34,Pharmacy
1980989524,POINT (2.1453548 41.3885437),Barcelona,carrer Viladomat 295,Pharmacy
2032216670,POINT (2.1820516 41.3969343),Barcelona,carrer Sardenya 184,Pharmacy
2066032263,POINT (2.1665051 41.440243),Barcelona,carrer Guineueta 19,Pharmacy
2086329631,POINT (2.1877373 41.3910479),Barcelona,carrer Wellington 52,Pharmacy
2086329642,POINT (2.1945018 41.3908955),Barcelona,carrer Joan Miró 24,Pharmacy
2091604670,POINT (2.1459972 41.3782854),Barcelona,carrer Aragó 1,Pharmacy
2105836392,POINT (2.1135925 41.3789245),Barcelona,avinguda Xile 42,Pharmacy
2120127378,POINT (2.1556003 41.3794256),Barcelona,gv corts catalanes 00470,Pharmacy
2182487385,POINT (2.1912932 41.4041272),Barcelona,Avinguda Diagonal 197,Pharmacy
2192117823,POINT (2.1825205 41.4152692),Barcelona,carrer Freser 194-8,Pharmacy
2192119095,POINT (2.1796834 41.4153507),Barcelona,carrer Sant Antoni Maria Claret 229,Pharmacy
2193095363,POINT (2.1968957 41.4046053),Barcelona,rambla Poblenou 134,Pharmacy
2193095436,POINT (2.1941251 41.4053484),Barcelona,,Pharmacy
2193415469,POINT (2.196638 41.4029829),Barcelona,carrer Llacuna 100,Pharmacy
2264573383,POINT (2.1737232 41.3931931),Barcelona,gv corts catalanes 688,Pharmacy
2296764799,POINT (2.152678 41.3799006),Barcelona,carrer Rocafort 92,Pharmacy
2338516607,POINT (2.1741938 41.40992),Barcelona,avinguda Gaudi 71,Pharmacy
2339788074,POINT (2.1925778 41.4519137),Barcelona,carrer Mare de Déu de Lorda 57,Pharmacy
2349711088,POINT (2.1898093 41.4145634),Barcelona,,Pharmacy
2360847337,POINT (2.1737548 41.3797958),Barcelona,carrer Unió 5,Pharmacy
2383105842,POINT (2.1491525 41.4201466),Barcelona,passeig de la Mare de Déu del Coll 150,Pharmacy
2383115148,POINT (2.148935 41.4181211),Barcelona,carrer Mora D'Ebre 43,Pharmacy
2383120048,POINT (2.1477014 41.4151346),Barcelona,carrer Sant Eudald 56,Pharmacy
2394416126,POINT (2.1717121 41.4057048),Barcelona,carrer Corsega 526,Pharmacy
2403178642,POINT (2.1703443 41.4348417),Barcelona,,Pharmacy
2421223096,POINT (2.135489 41.3815905),Barcelona,avinguda Madrid 222,Pharmacy
2435574780,POINT (2.1795829 41.3800201),Barcelona,carrer Ample 25,Pharmacy
2435574781,POINT (2.1783411 41.3805617),Barcelona,carrer Avinyo 27,Pharmacy
2435574782,POINT (2.1775538 41.380757),Barcelona,carrer Avinyó 32,Pharmacy
2437908873,POINT (2.1796725 41.3807427),Barcelona,carrer Gignas 5,Pharmacy
2457812283,POINT (2.1792509 41.3844482),Barcelona,carrer Princesa 7,Pharmacy
2487149447,POINT (2.162395 41.3828782),Barcelona,carrer Sepulveda 170,Pharmacy
2491595167,POINT (2.1935309 41.3933052),Barcelona,carrer Zamora 38,Pharmacy
2627845564,POINT (2.1878888 41.4147666),Barcelona,carrer Navas de Tolosa 270,Pharmacy
2627845568,POINT (2.1849973 41.4165696),Barcelona,carrer Navas de Tolosa 329,Pharmacy
2627845573,POINT (2.1851236 41.4178191),Barcelona,carrer de la Indústria 339,Pharmacy
2677630671,POINT (2.139365 41.4258909),Barcelona,carrer Naim 1,Pharmacy
2677630674,POINT (2.1376299 41.4276783),Barcelona,carrer Idumea 14,Pharmacy
2682532971,POINT (2.1671939 41.4023067),Barcelona,carrer Corsega 446,Pharmacy
2684744024,POINT (2.1826364 41.4407244),Barcelona,carrer Argullos 49,Pharmacy
2684909287,POINT (2.1847918 41.442791),Barcelona,carrer Tissó 4,Pharmacy
2738262860,POINT (2.1745391 41.4341735),Barcelona,carrer Deia 20,Pharmacy
2794933219,POINT (2.1448728 41.3808349),Barcelona,avinguda Roma 18,Pharmacy
2814259719,POINT (2.1221902 41.399105),Barcelona,carrer Major De Sarria 94,Pharmacy
2879016202,POINT (2.167877 41.3848853),Barcelona,carrer Tallers 42,Pharmacy
2956932679,POINT (2.2055769 41.4363474),Barcelona,carrer Sant Adria 131,Pharmacy
2956932685,POINT (2.2041235 41.4376359),Barcelona,carrer Sas 31,Pharmacy
2967370355,POINT (2.1616302 41.4038731),Barcelona,ts de gracia 235,Pharmacy
2969276874,POINT (2.1639381 41.4031663),Barcelona,carrer de Sant Antoni Maria Claret 18,Pharmacy
2969276957,POINT (2.1722369 41.4023747),Barcelona,plaça Sagrada Família 7,Pharmacy
2969277278,POINT (2.1680051 41.4002511),Barcelona,passeig de Sant Joan 117,Pharmacy
2971984060,POINT (2.1713169 41.380776),Barcelona,carrer Hospital 42,Pharmacy
3005479342,POINT (2.1611211 41.4149632),Barcelona,Carrer Bismarck 2,Pharmacy
3006291530,POINT (2.1629952 41.4152094),Barcelona,carrer Vallseca 30,Pharmacy
3008738133,POINT (2.1738067 41.4422825),Barcelona,carrer Almagro 10,Pharmacy
3008744999,POINT (2.1778147 41.4425049),Barcelona,vi julia 00117,Pharmacy
3011015936,POINT (2.1933087 41.4122977),Barcelona,carrer Lope de Vega 282,Pharmacy
3013741451,POINT (2.1619594 41.4140773),Barcelona,,Pharmacy
3023972668,POINT (2.2057575 41.3994291),Barcelona,carrer Taulat 62,Pharmacy
3027188148,POINT (2.1961975 41.3996416),Barcelona,carrer Ciutat de Granada 81,Pharmacy
3027823936,POINT (2.1946527 41.4099105),Barcelona,gv corts catalanes 931,Pharmacy
3032894536,POINT (2.1979298 41.4068534),Barcelona,carrer Bilbao 145,Pharmacy
3040074233,POINT (2.1938763 41.4171648),Barcelona,carrer Menorca 6,Pharmacy
3044251733,POINT (2.199688 41.4053916),Barcelona,carrer Pere Iv 209,Pharmacy
3044251735,POINT (2.2073347 41.4086686),Barcelona,avinguda Diagonal 84-86,Pharmacy
3044252634,POINT (2.2028529 41.407045),Barcelona,Avinguda Diagonal 111,Pharmacy
3044254937,POINT (2.2030267 41.4096023),Barcelona,,Pharmacy
3045433833,POINT (2.1986425 41.4037283),Barcelona,carrer Pere Iv 210,Pharmacy
3046154933,POINT (2.1949495 41.4069487),Barcelona,carrer Sant Joan de Malta 111,Pharmacy
3046155533,POINT (2.1947634 41.4086654),Barcelona,gv corts catalanes 00938,Pharmacy
3046157036,POINT (2.1984761 41.4135438),Barcelona,carrer Fluvia 194,Pharmacy
3046160434,POINT (2.196296 41.4151054),Barcelona,carrer Fluvia 216,Pharmacy
3048036438,POINT (2.2041058 41.3987464),Barcelona,,Pharmacy
3048078638,POINT (2.1997385 41.4027562),Barcelona,carrer Pallars 231,Pharmacy
3049368243,POINT (2.1881084 41.4073911),Barcelona,carrer Clot 50,Pharmacy
3049368337,POINT (2.1918632 41.4108485),Barcelona,carrer del Concili de Trento 7-9,Pharmacy
3049395433,POINT (2.1881449 41.4078827),Barcelona,,Pharmacy
3049395442,POINT (2.1886483 41.4086119),Barcelona,,Pharmacy
3049395444,POINT (2.1889494 41.4093741),Barcelona,carrer Clot 114,Pharmacy
3058163666,POINT (2.1958873 41.3961937),Barcelona,carrer de Llull 102,Pharmacy
3068103254,POINT (2.1827564 41.3985508),Barcelona,carrer Casp 151,Pharmacy
3068103255,POINT (2.1790957 41.3918651),Barcelona,passeig de Sant Joan 3,Pharmacy
3068367474,POINT (2.2106526 41.4014705),Barcelona,,Pharmacy
3068367475,POINT (2.2078181 41.4221871),Barcelona,,Pharmacy
3068367476,POINT (2.19832 41.4175532),Barcelona,rambla de Guipúscoa 69,Pharmacy
3068367477,POINT (2.2014915 41.4024113),Barcelona,carrer Mariano Aguilo 53,Pharmacy
3068367478,POINT (2.2158403 41.413487),Barcelona,rambla de Prim 45,Pharmacy
3068367480,POINT (2.1962962 41.4131435),Barcelona,,Pharmacy
3068918865,POINT (2.1374423 41.4104493),Barcelona,passeig de Sant Gervasi 53,Pharmacy
3068918866,POINT (2.1396257 41.4099882),Barcelona,carrer Bertran 129,Pharmacy
3068918867,POINT (2.1378629 41.4126396),Barcelona,passeig de Sant Gervasi 75,Pharmacy
3080109634,POINT (2.1904557 41.4161511),Barcelona,carrer d'Espronceda 308,Pharmacy
3103545160,POINT (2.1882145 41.417563),Barcelona,carrer Espronceda 363-365,Pharmacy
3120101531,POINT (2.1407007 41.3796384),Barcelona,plaça Països Catalans 1,Pharmacy
3140387929,POINT (2.1923671 41.4089655),Barcelona,carrer Sant Joan de Malta 43,Pharmacy
3140388329,POINT (2.1939015 41.4142278),Barcelona,carrer Guipuzcoa 21 BI,Pharmacy
3144668929,POINT (2.1873069 41.4108593),Barcelona,carrer Valencia 621,Pharmacy
3165823562,POINT (2.1879832 41.4130628),Barcelona,carrer Mallorca 621,Pharmacy
3167101507,POINT (2.1842705 41.396464),Barcelona,carrer Marina 121,Pharmacy
3167107920,POINT (2.1852488 41.3969953),Barcelona,carrer Ali-Bei 131,Pharmacy
3193826561,POINT (2.1830542 41.3813166),Barcelona,carrer Reina Cristina 1,Pharmacy
3219373761,POINT (2.1517271 41.3940484),Barcelona,carrer Aribau 179,Pharmacy
3219373762,POINT (2.1520711 41.3924661),Barcelona,carrer Muntaner 184,Pharmacy
3222124561,POINT (2.1314732 41.3815185),Barcelona,carrer Lluça 22,Pharmacy
3288174366,POINT (2.1667564 41.393373),Barcelona,carrer Arago 286,Pharmacy
3288174763,POINT (2.1673056 41.39612),Barcelona,carrer Bruc 114,Pharmacy
3288177865,POINT (2.1664908 41.3915476),Barcelona,carrer Consell De Cent 312,Pharmacy
3288203661,POINT (2.1673741 41.3973212),Barcelona,carrer Mallorca 312,Pharmacy
3288657964,POINT (2.1805047 41.3852883),Barcelona,carrer Princesa 20,Pharmacy
3288657966,POINT (2.1813213 41.3861045),Barcelona,carrer Princesa 39,Pharmacy
3290621765,POINT (2.2008083 41.4188722),Barcelona,rambla de Guipúscoa 98,Pharmacy
3328694988,POINT (2.1708452 41.3896811),Barcelona,carrer Pau Claris 83,Pharmacy
3360309193,POINT (2.1126789 41.3871069),Barcelona,carrer Jordi Girona 2,Pharmacy
3361982994,POINT (2.1830222 41.4090455),Barcelona,carrer Mallorca 554,Pharmacy
3361983193,POINT (2.181875 41.4084631),Barcelona,carrer Mallorca 519,Pharmacy
3361983693,POINT (2.184219 41.4095759),Barcelona,carrer Rogent 54,Pharmacy
3361984093,POINT (2.1863435 41.4098537),Barcelona,carrer Valencia 614 Bis,Pharmacy
3369147993,POINT (2.1775183 41.3858274),Barcelona,avinguda Francesc Cambó 12,Pharmacy
3372080295,POINT (2.1454012 41.3973876),Barcelona,carrer Muntaner 322,Pharmacy
3416765896,POINT (2.18537 41.4217718),Barcelona,carrer Felip Ii 112,Pharmacy
3416766494,POINT (2.1796255 41.423508),Barcelona,carrer Garcilaso 213,Pharmacy
3419546595,POINT (2.1710669 41.428518),Barcelona,carrer Santa Matilde 8,Pharmacy
3434283593,POINT (2.1482236 41.3982171),Barcelona,carrer Laforja 56,Pharmacy
3601250999,POINT (2.1682325 41.4067436),Barcelona,Carrer de Sant Antoni Maria Claret 57,Pharmacy
3605373431,POINT (2.1405379 41.3978126),Barcelona,Via Augusta 00189,Pharmacy
3612155093,POINT (2.1848722 41.430333),Barcelona,carrer Llenguadoc 118,Pharmacy
3612155197,POINT (2.1895477 41.4302523),Barcelona,rambla Fabra I Puig 2,Pharmacy
3706327551,POINT (2.1695948 41.3961127),Barcelona,carrer Girona 90,Pharmacy
3746129126,POINT (2.1486344 41.4090594),Barcelona,,Pharmacy
3746129525,POINT (2.1471607 41.4113477),Barcelona,carrer Mare De Déu Del Coll 99,Pharmacy
3757563536,POINT (2.142401 41.3970265),Barcelona,carrer Amigo 70,Pharmacy
3757566857,POINT (2.1415345 41.3964728),Barcelona,carrer Calvet 70,Pharmacy
3762048668,POINT (2.1741037 41.4176314),Barcelona,carrer Juliol 27,Pharmacy
3793076560,POINT (2.145926 41.3991649),Barcelona,carrer Aribau 312 b,Pharmacy
3793076562,POINT (2.1489038 41.4010562),Barcelona,Via Augusta 00103,Pharmacy
3828827757,POINT (2.1449827 41.3760196),Barcelona,carrer Consell De Cent 22,Pharmacy
3834778758,POINT (2.1742257 41.3737132),Barcelona,carrer Albareda 6-8,Pharmacy
3878908281,POINT (2.1619763 41.3722367),Barcelona,,Pharmacy
3890443064,POINT (2.1835419 41.4046262),Barcelona,carrer Consell de Cent 575,Pharmacy
3940075728,POINT (2.1646625 41.3773148),Barcelona,ronda Sant Pau 51,Pharmacy
3944189153,POINT (2.1419484 41.4298961),Barcelona,,Pharmacy
3968616457,POINT (2.1547392 41.3762965),Barcelona,avinguda Mistral 48,Pharmacy
3979758047,POINT (2.1678836 41.3727744),Barcelona,carrer Nou de Les Rambles 147,Pharmacy
3988548467,POINT (2.1646734 41.372533),Barcelona,carrer Poeta Cabanyes 67,Pharmacy
4006546138,POINT (2.1346974 41.378896),Barcelona,carrer Galileu 104,Pharmacy
4006941010,POINT (2.1277335 41.4019779),Barcelona,carrer Calatrava 77,Pharmacy
4040491253,POINT (2.1311927 41.399678),Barcelona,,Pharmacy
4041833705,POINT (2.1342395 41.4064351),Barcelona,,Pharmacy
4041878568,POINT (2.1311316 41.4028003),Barcelona,carrer Ganduxer 129,Pharmacy
4041976734,POINT (2.1292682 41.3961936),Barcelona,carrer Castellnou 42,Pharmacy
4054913548,POINT (2.1245834 41.399928),Barcelona,,Pharmacy
4060217595,POINT (2.1997215 41.3959331),Barcelona,carrer Josep Trueta 147,Pharmacy
4109301975,POINT (2.201792 41.4139071),Barcelona,,Pharmacy
4120640594,POINT (2.1668457 41.3948108),Barcelona,carrer Roger De Lluria 74,Pharmacy
4126542063,POINT (2.1694527 41.4027693),Barcelona,carrer Napols 271,Pharmacy
4126604442,POINT (2.1693893 41.4042267),Barcelona,carrer Corsega 507,Pharmacy
4126632902,POINT (2.1691422 41.3993792),Barcelona,passeig de Sant Joan 101,Pharmacy
4128896891,POINT (2.1658802 41.4032668),Barcelona,carrer Industria 25,Pharmacy
4150498094,POINT (2.1658109 41.4046394),Barcelona,carrer Sant Antoni Maria Claret 40,Pharmacy
4150499795,POINT (2.1629359 41.4061054),Barcelona,carrer Francesc Pi I Margall 5,Pharmacy
4150522694,POINT (2.1641922 41.4050242),Barcelona,carrer Roger De Flor 303,Pharmacy
4159416292,POINT (2.164486 41.401692),Barcelona,carrer Bailen 200,Pharmacy
4172983232,POINT (2.1640378 41.4070882),Barcelona,carrer Romans 1,Pharmacy
4229257490,POINT (2.1607686 41.4309213),Barcelona,plaça Eivissa 14,Pharmacy
4254686751,POINT (2.1850181 41.3926937),Barcelona,carrer Wellington 27,Pharmacy
4254698177,POINT (2.1803061 41.3917027),Barcelona,passeig de Sant Joan 2,Pharmacy
4290976297,POINT (2.125712 41.3750814),Barcelona,carrer Bassegoda 11,Pharmacy
4302448908,POINT (2.1577335 41.3809479),Barcelona,carrer Comte Borrell 133,Pharmacy
4304733920,POINT (2.1848867 41.4149508),Barcelona,carrer de Trinxant 65,Pharmacy
4318440848,POINT (2.1984661 41.4151688),Barcelona,carrer Julian Besteiro 3,Pharmacy
4322554797,POINT (2.1875524 41.3925039),Barcelona,carrer Sardenya 61,Pharmacy
4345425030,POINT (2.2084575 41.4202547),Barcelona,Gran Via de les Corts Catalanes 1157,Pharmacy
4361514598,POINT (2.1129326 41.3775677),Barcelona,carrer Pisuerga 20,Pharmacy
4361598190,POINT (2.1148665 41.3308327),Barcelona,carrer Major de Mercabarna 86,Pharmacy
4362317797,POINT (2.1155245 41.3774031),Barcelona,carrer Cardenal Reig 22,Pharmacy
4364946991,POINT (2.1340592 41.3665124),Barcelona,carrer Badal 25,Pharmacy
4370146581,POINT (2.1630682 41.3799498),Barcelona,ronda Sant Antoni 15,Pharmacy
4370146660,POINT (2.1633671 41.3793289),Barcelona,ronda Sant Antoni 12,Pharmacy
4375237802,POINT (2.187176 41.3953251),Barcelona,avinguda Meridiana 30,Pharmacy
4392869790,POINT (2.174377 41.3995171),Barcelona,carrer Arago 395,Pharmacy
4392869791,POINT (2.1765995 41.3994744),Barcelona,carrer del Consell De Cent 475 Bis,Pharmacy
4424051887,POINT (2.1349691 41.3637902),Barcelona,gv corts catalanes 130,Pharmacy
4455240703,POINT (2.151276 41.396629),Barcelona,carrer Tuset 34,Pharmacy
4461265891,POINT (2.1576571 41.3975988),Barcelona,passeig de Gràcia 129,Pharmacy
4482541721,POINT (2.1794733 41.389258),Barcelona,plaça Sant Pere 5,Pharmacy
4511533789,POINT (2.1762822 41.3859602),Barcelona,vi laietana 00040,Pharmacy
4523228420,POINT (2.157365 41.3984001),Barcelona,Carrer Gran de Gràcia 16,Pharmacy
4568324389,POINT (2.1648364 41.3755377),Barcelona,carrer Compte Borrell 7,Pharmacy
4573675844,POINT (2.1241779 41.3870796),Barcelona,avinguda Diagonal 635,Pharmacy
4653464390,POINT (2.1617649 41.376026),Barcelona,carrer Parlament 17,Pharmacy
4653476589,POINT (2.1613134 41.3767872),Barcelona,carrer Viladomat 40,Pharmacy
4653496989,POINT (2.162387 41.3777959),Barcelona,,Pharmacy
4668670695,POINT (2.1627146 41.3771312),Barcelona,,Pharmacy
4668716291,POINT (2.1595012 41.3747922),Barcelona,avinguda Paral Lel 131,Pharmacy
4677239987,POINT (2.1239439 41.4011524),Barcelona,passeig de la Bonanova 105,Pharmacy
4677240790,POINT (2.1277239 41.4036048),Barcelona,passeig de la Bonanova 54,Pharmacy
4680760651,POINT (2.1326705 41.4045451),Barcelona,,Pharmacy
4684485435,POINT (2.1613115 41.4090401),Barcelona,carrer Providencia 128,Pharmacy
4711659155,POINT (2.174919 41.3869997),Barcelona,vi laietana 00050,Pharmacy
4719207293,POINT (2.1802127 41.4174872),Barcelona,passeig de Maragall 75,Pharmacy
4721520699,POINT (2.1802186 41.4193195),Barcelona,carrer de Teodor Llorente 4,Pharmacy
4721521997,POINT (2.180347 41.421044),Barcelona,passeig de Maragall 106,Pharmacy
4723606389,POINT (2.1836585 41.4200091),Barcelona,carrer Juan de Garay 59,Pharmacy
4726080191,POINT (2.174767 41.4204757),Barcelona,carrer Vinyals 38,Pharmacy
4726092889,POINT (2.1765831 41.4188182),Barcelona,ronda Guinardó 156,Pharmacy
4726582792,POINT (2.1744 41.3919899),Barcelona,carrer Casp 68,Pharmacy
4726582793,POINT (2.1753215 41.3912657),Barcelona,carrer Ausias March 31,Pharmacy
4726582891,POINT (2.1580321 41.4001959),Barcelona,plaça Rius I Taulet 4,Pharmacy
4726583194,POINT (2.1716855 41.3940236),Barcelona,carrer Diputacio 331,Pharmacy
4728103193,POINT (2.1810765 41.4144358),Barcelona,passeig de Maragall 20,Pharmacy
4728112491,POINT (2.1794321 41.4106026),Barcelona,carrer Independència 345,Pharmacy
4729077293,POINT (2.1818292 41.418943),Barcelona,carrer de Navas de Tolosa 375,Pharmacy
4729330992,POINT (2.17856 41.4172302),Barcelona,,Pharmacy
4729342897,POINT (2.1607398 41.4208264),Barcelona,carrer Doctor Bové 121,Pharmacy
4736314435,POINT (2.1276032 41.382244),Barcelona,Travessera De Les Corts 173,Pharmacy
4762859826,POINT (2.1766621 41.3960683),Barcelona,,Pharmacy
4762934622,POINT (2.1825869 41.4259246),Barcelona,carrer Pardo 4,Pharmacy
4762934628,POINT (2.174656 41.3946829),Barcelona,plaça Tetuan 15,Pharmacy
4771270125,POINT (2.1819505 41.4113301),Barcelona,carrer Rogent 118,Pharmacy
4776357923,POINT (2.1601532 41.4026958),Barcelona,,Pharmacy
4776361628,POINT (2.1666774 41.4070182),Barcelona,ts de gracia 333,Pharmacy
4776901739,POINT (2.1618025 41.3867509),Barcelona,carrer Aribau 20,Pharmacy
4776902559,POINT (2.161076 41.3873253),Barcelona,carrer Aribau 36,Pharmacy
4776903119,POINT (2.1621718 41.3864603),Barcelona,carrer Aribau 18,Pharmacy
4789890699,POINT (2.1705766 41.382366),Barcelona,carrer Carme 23,Pharmacy
4860087534,POINT (2.1335918 41.4024142),Barcelona,carrer Bertrand I Serra 16,Pharmacy
4860098422,POINT (2.1299008 41.4045111),Barcelona,passeig de la Bonanova 43,Pharmacy
4881181775,POINT (2.1791115 41.4398291),Barcelona,carrer Boada 26,Pharmacy
4893834222,POINT (2.1834787 41.385231),Barcelona,plaça Comercial 9,Pharmacy
4911503780,POINT (2.1966273 41.4166522),Barcelona,carrer Provensals 256,Pharmacy
4928468655,POINT (2.2011217 41.4161032),Barcelona,carrer Andrade 151,Pharmacy
4955199925,POINT (2.1725025 41.4041524),Barcelona,carrer Sardenya 334,Pharmacy
4979747940,POINT (2.2204166 41.4137301),Barcelona,carrer Sant Raimon de Penyafort 3,Pharmacy
5001231022,POINT (2.2039073 41.4217486),Barcelona,carrer Guipuscoa 131,Pharmacy
5082607262,POINT (2.1805323 41.3873009),Barcelona,carrer Carders 44,Pharmacy
5082607324,POINT (2.1789023 41.3872764),Barcelona,carrer Fonollar 26,Pharmacy
5160210821,POINT (2.1603603 41.4059763),Barcelona,carrer Torrente Flores 45,Pharmacy
5162073921,POINT (2.1373311 41.365829),Barcelona,gv corts catalanes 00152,Pharmacy
5168258286,POINT (2.1615242 41.3839547),Barcelona,gv corts catalanes 00566,Pharmacy
5177807221,POINT (2.1564099 41.3736855),Barcelona,plaça Santa Madrona 8,Pharmacy
5207046924,POINT (2.1319566 41.3866366),Barcelona,plaça Concòrdia 3,Pharmacy
5269997120,POINT (2.2108093 41.4219561),Barcelona,gv corts catalanes 1179,Pharmacy
5269998523,POINT (2.2103153 41.420322),Barcelona,gv corts catalanes 01180,Pharmacy
5271863065,POINT (2.1835275 41.4327147),Barcelona,avinguda Meridiana 422,Pharmacy
5271863109,POINT (2.1841434 41.4341356),Barcelona,carrer de Concepció Arenal 310,Pharmacy
5285707177,POINT (2.1964738 41.4220798),Barcelona,carrer de Santander 2,Pharmacy
5321848828,POINT (2.134702 41.3680685),Barcelona,carrer Parcerisses 17,Pharmacy
5407919536,POINT (2.1366371 41.4040947),Barcelona,,Pharmacy
5418243446,POINT (2.1881311 41.3787256),Barcelona,passeig de Joan de Borbó 33,Pharmacy
5424149418,POINT (2.1251507 41.3732577),Barcelona,,Pharmacy
5453781021,POINT (2.1893771 41.4330099),Barcelona,carrer Gran de Sant Andreu 186,Pharmacy
5453882724,POINT (2.1892481 41.4337985),Barcelona,carrer Gran de Sant Andreu 211,Pharmacy
5453933822,POINT (2.1892986 41.4313193),Barcelona,carrer Gran de Sant Andreu 125,Pharmacy
5453985621,POINT (2.1912086 41.4241686),Barcelona,carrer de la Sagrera 110,Pharmacy
5453985622,POINT (2.198855 41.4221648),Barcelona,carrer de Cantàbria 58,Pharmacy
5453985721,POINT (2.1916532 41.4238636),Barcelona,carrer Berenguer de Palou 37,Pharmacy
5458542521,POINT (2.2104136 41.418963),Barcelona,,Pharmacy
5458542621,POINT (2.2087552 41.4174174),Barcelona,carrer Pere Iv 501,Pharmacy
5466534641,POINT (2.1798478 41.385882),Barcelona,carrer Carders 3,Pharmacy
5466539123,POINT (2.2046081 41.3992991),Barcelona,carrer Dr. Trueta 234,Pharmacy
5466540223,POINT (2.1806768 41.3851505),Barcelona,carrer Montcada 10,Pharmacy
5476360961,POINT (2.1444053 41.3966226),Barcelona,carrer Santalo 53,Pharmacy
5484114128,POINT (2.1890008 41.401519),Barcelona,carrer Bolivia 19,Pharmacy
5484161521,POINT (2.1843851 41.3980437),Barcelona,carrer Ausias March 163,Pharmacy
5484179922,POINT (2.1802269 41.3949749),Barcelona,,Pharmacy
5484245221,POINT (2.1697132 41.3921971),Barcelona,carrer Roger De Lluria 37,Pharmacy
5484245823,POINT (2.1712342 41.3931841),Barcelona,carrer Bruc 64,Pharmacy
5484292521,POINT (2.1747234 41.3960293),Barcelona,carrer Diputacio 336,Pharmacy
5484292721,POINT (2.1762553 41.3975949),Barcelona,carrer Diputacio 391,Pharmacy
5485537049,POINT (2.1533331 41.3981643),Barcelona,Via Augusta 00049,Pharmacy
5490820888,POINT (2.1757279 41.4018621),Barcelona,carrer Valencia 418,Pharmacy
5499240724,POINT (2.1777163 41.4033519),Barcelona,carrer Valencia 470,Pharmacy
5504856564,POINT (2.1781198 41.3877874),Barcelona,carrer Sant Pere Més Baix 52,Pharmacy
5504881221,POINT (2.1599398 41.3938965),Barcelona,rambla Catalunya 102,Pharmacy
5504881321,POINT (2.1615027 41.3929005),Barcelona,carrer de Mallorca 240,Pharmacy
5504881921,POINT (2.1622953 41.3916896),Barcelona,,Pharmacy
5504882021,POINT (2.1630051 41.3915943),Barcelona,rambla Catalunya 66,Pharmacy
5517957421,POINT (2.186061 41.4058878),Barcelona,carrer Independencia 230,Pharmacy
5518024027,POINT (2.1662202 41.4009431),Barcelona,carrer de Bailèn 174 B,Pharmacy
5518025821,POINT (2.1632398 41.4005786),Barcelona,carrer Milà I Fontanals 12,Pharmacy
5518038723,POINT (2.1557744 41.395838),Barcelona,avinguda Diagonal 478,Pharmacy
5518051621,POINT (2.1556606 41.398548),Barcelona,carrer Lluis Antunez 5,Pharmacy
5518088922,POINT (2.1607964 41.3834728),Barcelona,gv corts catalanes 00560,Pharmacy
5518094721,POINT (2.1590262 41.3867738),Barcelona,carrer Muntaner 67 bis,Pharmacy
5518120841,POINT (2.1739136 41.3890967),Barcelona,plaça Urquinaona 8,Pharmacy
5518127221,POINT (2.1600692 41.3825804),Barcelona,carrer Villarroel 53,Pharmacy
5518154123,POINT (2.1715048 41.3853601),Barcelona,carrer Santa Anna 21,Pharmacy
5522158823,POINT (2.1850031 41.3829715),Barcelona,carrer Marquesa 3,Pharmacy
5522265521,POINT (2.1937645 41.3983892),Barcelona,carrer de Pallars 145,Pharmacy
5529320992,POINT (2.1420586 41.3814347),Barcelona,carrer Josep Tarradellas 3,Pharmacy
5531013421,POINT (2.1706813 41.4021163),Barcelona,carrer Napols 258,Pharmacy
5531073368,POINT (2.1568176 41.401987),Barcelona,carrer Planeta 39,Pharmacy
5535531642,POINT (2.1796165 41.3959003),Barcelona,carrer Casp 146,Pharmacy
5536255831,POINT (2.1468386 41.3840132),Barcelona,carrer Provença 39,Pharmacy
5536282324,POINT (2.1364922 41.3819014),Barcelona,carrer Comtes De Bell-Lloc 140,Pharmacy
5536288022,POINT (2.1444765 41.3837559),Barcelona,carrer Rossello 37,Pharmacy
5536295827,POINT (2.1390897 41.3815223),Barcelona,carrer Melcior De Palau 153,Pharmacy
5536389122,POINT (2.1267158 41.3842716),Barcelona,carrer Mejia Lequerica 46,Pharmacy
5537626525,POINT (2.1901389 41.412451),Barcelona,carrer Clot 184,Pharmacy
5545787823,POINT (2.2051249 41.4000409),Barcelona,,Pharmacy
5545943522,POINT (2.2135034 41.4102415),Barcelona,avinguda Diagonal 32,Pharmacy
5545968921,POINT (2.2100689 41.4097966),Barcelona,avinguda Diagonal 68,Pharmacy
5552038421,POINT (2.1718063 41.3887676),Barcelona,ronda Sant Pere 15,Pharmacy
5552068121,POINT (2.1657968 41.3870956),Barcelona,carrer Balmes 18,Pharmacy
5559392469,POINT (2.1558596 41.3839184),Barcelona,carrer Comte D'Urgell 95,Pharmacy
5599331321,POINT (2.1591832 41.3886399),Barcelona,carrer Aribau 62,Pharmacy
5623681521,POINT (2.1964666 41.3926887),Barcelona,avinguda Bogatell 19,Pharmacy
5623854821,POINT (2.188812 41.3802004),Barcelona,carrer Baluard 34,Pharmacy
5626088921,POINT (2.1547807 41.4099408),Barcelona,,Pharmacy
5626094921,POINT (2.1533861 41.4087596),Barcelona,ts de dalt 34,Pharmacy
5626097622,POINT (2.1534613 41.4053263),Barcelona,carrer Betlem 46,Pharmacy
5633317573,POINT (2.1907955 41.4397961),Barcelona,passeig de Torras i Bages 83,Pharmacy
5699882929,POINT (2.1989015 41.4004591),Barcelona,carrer Pujadas 151,Pharmacy
5725013523,POINT (2.1767622 41.3867335),Barcelona,carrer Sant Pere Més Baix 17,Pharmacy
5766199253,POINT (2.145456 41.3746929),Barcelona,carrer Sant Roc 26,Pharmacy
5766211757,POINT (2.1422015 41.3746197),Barcelona,carrer Vilardell 9,Pharmacy
5766391154,POINT (2.1586915 41.3825429),Barcelona,gv corts catalanes 00527,Pharmacy
5766441253,POINT (2.1793997 41.3973433),Barcelona,gv corts catalanes 00748,Pharmacy
5766450453,POINT (2.1841461 41.4016698),Barcelona,gv corts catalanes 763,Pharmacy
5772411453,POINT (2.1786497 41.3903947),Barcelona,carrer Lluis El Piedos 10,Pharmacy
5790096353,POINT (2.1854729 41.4111749),Barcelona,carrer Mallorca 591,Pharmacy
5790146853,POINT (2.1846913 41.413364),Barcelona,carrer Nacio 42,Pharmacy
5791801453,POINT (2.1477951 41.3918351),Barcelona,carrer Villarroel 251,Pharmacy
5791807559,POINT (2.1569843 41.4001025),Barcelona,carrer Sant Domènec 20,Pharmacy
5791835653,POINT (2.1531971 41.3932664),Barcelona,carrer Aribau 180,Pharmacy
5791835853,POINT (2.1560644 41.3994631),Barcelona,carrer Gran de Gràcia 58,Pharmacy
5791894859,POINT (2.1735653 41.4056655),Barcelona,carrer Rosselló 437,Pharmacy
5791909653,POINT (2.1769567 41.4079167),Barcelona,carrer Rossello 462,Pharmacy
5803777303,POINT (2.206939 41.4174827),Barcelona,,Pharmacy
5803777304,POINT (2.2074332 41.4181678),Barcelona,gv corts catalanes 1158,Pharmacy
5807389334,POINT (2.1989855 41.4094536),Barcelona,carrer Espronceda 191,Pharmacy
5807405446,POINT (2.2115204 41.4176961),Barcelona,rambla de Prim 136,Pharmacy
5807415602,POINT (2.2149655 41.4190325),Barcelona,carrer Perpinya 25,Pharmacy
5807423970,POINT (2.2134281 41.416865),Barcelona,carrer Alfons V El Magnanim 91 L,Pharmacy
5820816653,POINT (2.1911644 41.4250304),Barcelona,carrer de la Sagrera 146,Pharmacy
5844153852,POINT (2.1834908 41.4475689),Barcelona,carrer Chafarinas 10-12,Pharmacy
5871873563,POINT (2.1336579 41.4280217),Barcelona,avinguda Elies Pagès 20,Pharmacy
5873663826,POINT (2.1572502 41.4214689),Barcelona,carrer Conca De Tremp 64,Pharmacy
5883822943,POINT (2.1389335 41.4248052),Barcelona,carrer Lledoner 2,Pharmacy
5883879087,POINT (2.1404073 41.4299129),Barcelona,carrer Roig I Soler 5,Pharmacy
5883928220,POINT (2.1431949 41.4315695),Barcelona,Pla de Montbau 7,Pharmacy
5885054554,POINT (2.217861 41.4120073),Barcelona,plaça Prim 25,Pharmacy
5885058283,POINT (2.2157323 41.4117629),Barcelona,carrer Llull 385,Pharmacy
5885065885,POINT (2.2120359 41.4038929),Barcelona,passeig del Taulat 190,Pharmacy
5885126485,POINT (2.1973609 41.3912199),Barcelona,avinguda Icaria 160,Pharmacy
5885127220,POINT (2.1954423 41.3887593),Barcelona,passeig Marina 20 L1,Pharmacy
5911348339,POINT (2.1865657 41.4081768),Barcelona,avinguda Meridiana 117/A,Pharmacy
5911351865,POINT (2.1845708 41.4082548),Barcelona,carrer Enamorats 145,Pharmacy
5911395795,POINT (2.1838383 41.406537),Barcelona,carrer Arago 537,Pharmacy
5916779807,POINT (2.2037059 41.4176516),Barcelona,carrer Andrade 198,Pharmacy
5916780132,POINT (2.205171 41.4177618),Barcelona,gv corts catalanes 01113,Pharmacy
5916784601,POINT (2.2052818 41.4189546),Barcelona,carrer Andrade 224,Pharmacy
5916785345,POINT (2.2060136 41.4202372),Barcelona,carrer Maresme 218,Pharmacy
5916807703,POINT (2.2089274 41.4242625),Barcelona,,Pharmacy
5916818380,POINT (2.2023065 41.4220158),Barcelona,carrer Maresme 261,Pharmacy
5916820509,POINT (2.2014567 41.4225941),Barcelona,carrer Menorca 100,Pharmacy
5916823579,POINT (2.2006989 41.4212493),Barcelona,carrer Josep Miret 4,Pharmacy
5967516223,POINT (2.1991171 41.4200773),Barcelona,carrer Agricultura 292,Pharmacy
5967524589,POINT (2.1960115 41.4185105),Barcelona,carrer Selva de Mar 273,Pharmacy
5967534302,POINT (2.2002973 41.4238623),Barcelona,carrer Puigcerda 290,Pharmacy
5967538820,POINT (2.2019736 41.4247928),Barcelona,rambla Prim 244,Pharmacy
5967548882,POINT (2.2009302 41.4259172),Barcelona,carrer Santander 28,Pharmacy
5967553715,POINT (2.2071665 41.434825),Barcelona,,Pharmacy
5967555387,POINT (2.2049731 41.4345441),Barcelona,,Pharmacy
5969308981,POINT (2.1452478 41.4328837),Barcelona,carrer Harmonia 1,Pharmacy
5970451128,POINT (2.1983672 41.4409291),Barcelona,carrer Potosí 10 porta 2,Pharmacy
5970453661,POINT (2.204582 41.4389845),Barcelona,carrer Lima 16,Pharmacy
5970467268,POINT (2.1962788 41.4381156),Barcelona,passatge de Posoltega 11-13 bloc u,Pharmacy
5970471731,POINT (2.1992945 41.4473645),Barcelona,carrer Campins 9,Pharmacy
5970477205,POINT (2.198758 41.4464504),Barcelona,,Pharmacy
5970485617,POINT (2.1914562 41.4487819),Barcelona,carrer Torné 12,Pharmacy
5970498031,POINT (2.1925738 41.4510612),Barcelona,vi barcino 00061,Pharmacy
5970502993,POINT (2.1931248 41.4533782),Barcelona,,Pharmacy
5970506795,POINT (2.1903577 41.4504671),Barcelona,carrer Turo de la Trinitat 41,Pharmacy
5970509121,POINT (2.1899527 41.4537136),Barcelona,carrer Pare Perez Del Pulgar 16,Pharmacy
5997845038,POINT (2.1876154 41.4382954),Barcelona,carrer Agusti I Mila 38,Pharmacy
6002215085,POINT (2.1909192 41.4377994),Barcelona,carrer Joan Torres 21-23,Pharmacy
6002346086,POINT (2.1899284 41.4208037),Barcelona,carrer Ciutat D'Elx 11,Pharmacy
6018104901,POINT (2.1793648 41.4612881),Barcelona,,Pharmacy
6018156417,POINT (2.1775025 41.4617546),Barcelona,carrer Agudes 52,Pharmacy
6018159215,POINT (2.1761613 41.4598988),Barcelona,avinguda Rasos de Peguera 70,Pharmacy
6018168850,POINT (2.1732005 41.4600184),Barcelona,avinguda Rasos de Peguera 129,Pharmacy
6052329517,POINT (2.1782179 41.3834647),Barcelona,carrer Jaume I 14,Pharmacy
6089810114,POINT (2.1628618 41.3956147),Barcelona,carrer Provença 306,Pharmacy
6110253449,POINT (2.1744498 41.3806166),Barcelona,carrer Ferran 7,Pharmacy
6121078087,POINT (2.1794611 41.4018636),Barcelona,carrer Enamorats 5,Pharmacy
6126172785,POINT (2.1704221 41.4083979),Barcelona,carrer Sant Antoni Maria Claret 97,Pharmacy
6126176188,POINT (2.1631277 41.4115254),Barcelona,carrer Sardenya 520,Pharmacy
6126216385,POINT (2.1594212 41.4111118),Barcelona,,Pharmacy
6126216485,POINT (2.1569202 41.4109954),Barcelona,ts de dalt 91,Pharmacy
6140120088,POINT (2.1664929 41.4118349),Barcelona,ronda del Guinardó 44,Pharmacy
6169115207,POINT (2.1266571 41.3871121),Barcelona,,Pharmacy
6172548388,POINT (2.1803469 41.4257119),Barcelona,carrer Felip Ii 186,Pharmacy
6175104305,POINT (2.1391048 41.3890351),Barcelona,carrer Travessera De Les Corts 332,Pharmacy
6175400477,POINT (2.1412077 41.3910607),Barcelona,,Pharmacy
6188914395,POINT (2.1620876 41.3948371),Barcelona,passeig de Gràcia 90,Pharmacy
6193464311,POINT (2.1585311 41.3944965),Barcelona,rambla Catalunya 117,Pharmacy
6194526708,POINT (2.1540606 41.3905286),Barcelona,carrer Muntaner 147,Pharmacy
6196321023,POINT (2.1467145 41.3909271),Barcelona,carrer Urgell 241,Pharmacy
6202968288,POINT (2.1886916 41.4288669),Barcelona,carrer Nadal 7-8,Pharmacy
6202998685,POINT (2.1897978 41.4280046),Barcelona,,Pharmacy
6203004488,POINT (2.1942984 41.4298077),Barcelona,rambla de L'Onze de Setembre 15,Pharmacy
6203018085,POINT (2.1943516 41.4280502),Barcelona,carrer Pare Manyanet 46,Pharmacy
6204016786,POINT (2.1656695 41.3919711),Barcelona,passeig de Gràcia 50,Pharmacy
6204016788,POINT (2.1645136 41.3934587),Barcelona,carrer Valencia 278,Pharmacy
6208584268,POINT (2.1370617 41.3853045),Barcelona,carrer Numancia 84,Pharmacy
6212709967,POINT (2.1502423 41.3917045),Barcelona,carrer Casanova 165,Pharmacy
6212728547,POINT (2.1426723 41.3915154),Barcelona,carrer Loreto 48,Pharmacy
6214252585,POINT (2.1440191 41.3868493),Barcelona,carrer Paris 45,Pharmacy
6214375134,POINT (2.1551665 41.3930858),Barcelona,carrer Enrique Granados 117,Pharmacy
6217650978,POINT (2.1605963 41.4221937),Barcelona,carrer Montserrat Casanovas 184,Pharmacy
6227851848,POINT (2.1643012 41.4294298),Barcelona,carrer Sant Alexandre 37,Pharmacy
6230355343,POINT (2.137139 41.3891091),Barcelona,carrer Deu I Mata 96,Pharmacy
6231210039,POINT (2.1792228 41.4441325),Barcelona,carrer Joaquim Valls 88,Pharmacy
6231214897,POINT (2.1779231 41.4440958),Barcelona,carrer Mas Duran 43,Pharmacy
6231215852,POINT (2.1819079 41.4436335),Barcelona,carrer Pablo Iglesias 48-50,Pharmacy
6231219605,POINT (2.1849688 41.4444088),Barcelona,carrer Formentera 44,Pharmacy
6231231201,POINT (2.1832616 41.4456919),Barcelona,carrer Pablo Iglesias 112,Pharmacy
6231234585,POINT (2.1816791 41.4455993),Barcelona,carrer Moli 102,Pharmacy
6231238607,POINT (2.1721234 41.4431114),Barcelona,carrer Artesania 102,Pharmacy
6231245667,POINT (2.1734762 41.4405848),Barcelona,carrer Artesania 64,Pharmacy
6231255252,POINT (2.1755699 41.4403848),Barcelona,carrer Font Canyelles 71,Pharmacy
6231287379,POINT (2.175279 41.4457595),Barcelona,carrer Quarter Simancas 24,Pharmacy
6240301278,POINT (2.1868343 41.4473817),Barcelona,carrer S'Agaro 3,Pharmacy
6242647527,POINT (2.1682628 41.4434228),Barcelona,carrer Antonio Machado 40,Pharmacy
6242651451,POINT (2.1673421 41.4448384),Barcelona,ronda Guineueta Vella bloc 14,Pharmacy
6242652649,POINT (2.1647256 41.4431326),Barcelona,,Pharmacy
6242656910,POINT (2.1632076 41.4414929),Barcelona,carrer Antonio Machado 4,Pharmacy
6242681064,POINT (2.169071 41.4394703),Barcelona,carrer Gasela 8,Pharmacy
6242684037,POINT (2.1711765 41.4380767),Barcelona,carrer Alsàcia 8,Pharmacy
6242684248,POINT (2.173038 41.4387928),Barcelona,passeig de Valldaura 175,Pharmacy
6242693413,POINT (2.1675006 41.4385162),Barcelona,passeig de Valldaura 166,Pharmacy
6257423224,POINT (2.1391844 41.3637566),Barcelona,carrer Mare De Déu Del Port 385,Pharmacy
6258718426,POINT (2.1397182 41.3595911),Barcelona,passeig de la Zona Franca 156,Pharmacy
6258718439,POINT (2.1406785 41.3605046),Barcelona,carrer Mare De Déu Del Port 234,Pharmacy
6260784860,POINT (2.1325583 41.3753489),Barcelona,carrer Sants 151,Pharmacy
6260786087,POINT (2.1345785 41.3866851),Barcelona,,Pharmacy
6300738098,POINT (2.1311472 41.3839936),Barcelona,carrer Joan Guell 174,Pharmacy
6317145185,POINT (2.142409 41.368035),Barcelona,carrer Trajà 20,Pharmacy
6326898786,POINT (2.1661865 41.39698),Barcelona,carrer Bruc 134,Pharmacy
6326926887,POINT (2.181066 41.4016762),Barcelona,avinguda Diagonal 243,Pharmacy
6335907377,POINT (2.165576 41.3993659),Barcelona,carrer Rossello 284,Pharmacy
6341176990,POINT (2.1428224 41.3588646),Barcelona,,Pharmacy
6341213287,POINT (2.1410777 41.3577172),Barcelona,passeig de la Zona Franca 122,Pharmacy
6345940855,POINT (2.1597199 41.4380503),Barcelona,carrer Porrera 21,Pharmacy
6345952241,POINT (2.1579524 41.4364268),Barcelona,carrer De Lloret De Mar 87-89,Pharmacy
6345963558,POINT (2.1593396 41.4349203),Barcelona,carrer Doctor Letamendi 13,Pharmacy
6345969903,POINT (2.158076 41.4322458),Barcelona,carrer Horta 127,Pharmacy
6345977683,POINT (2.1554717 41.4325303),Barcelona,Carrer de Fàtima 10,Pharmacy
6345978817,POINT (2.1565937 41.4306224),Barcelona,carrer Porto 30,Pharmacy
6345982558,POINT (2.1585031 41.4293908),Barcelona,carrer Lisboa 9,Pharmacy
6345985008,POINT (2.1605902 41.4300201),Barcelona,bx mercat 2,Pharmacy
6345988427,POINT (2.1625549 41.4282753),Barcelona,carrer Granollers 8,Pharmacy
6345989655,POINT (2.1633053 41.4308144),Barcelona,carrer Cartella 192,Pharmacy
6345999133,POINT (2.1648573 41.4279383),Barcelona,passeig de Maragall 358,Pharmacy
6346002390,POINT (2.167011 41.4292887),Barcelona,carrer Espiell 13,Pharmacy
6356113188,POINT (2.1375054 41.4086531),Barcelona,carrer Balmes 431,Pharmacy
6356113189,POINT (2.1368797 41.406615),Barcelona,carrer Teodora Lamadrid 27,Pharmacy
6356146785,POINT (2.1423847 41.4053194),Barcelona,ronda Gral.Mitre 199,Pharmacy
6356146786,POINT (2.143065 41.4047786),Barcelona,carrer Puig-Reig 8,Pharmacy
6356164286,POINT (2.1482253 41.4056735),Barcelona,ronda General Mitre 230,Pharmacy
6356164288,POINT (2.1501656 41.4045754),Barcelona,avinguda Princep D'Asturies 43-45,Pharmacy
6356179086,POINT (2.1516615 41.4011406),Barcelona,rambla Del Prat 23,Pharmacy
6356195885,POINT (2.1608731 41.397094),Barcelona,avinguda Diagonal 440,Pharmacy
6368907689,POINT (2.1342489 41.3605439),Barcelona,,Pharmacy
6387260090,POINT (2.1355732 41.4018798),Barcelona,carrer Mandri 6,Pharmacy
6387260091,POINT (2.1365696 41.4017573),Barcelona,ronda Gral.Mitre 121,Pharmacy
6387325486,POINT (2.1436411 41.3986749),Barcelona,carrer Muntaner 356,Pharmacy
6387346286,POINT (2.1485588 41.394961),Barcelona,carrer Muntaner 254,Pharmacy
6400870212,POINT (2.1365393 41.3735282),Barcelona,carrer Olzinelles 21,Pharmacy
6409912762,POINT (2.1332681 41.376283),Barcelona,carrer Panissars 13,Pharmacy
6409913298,POINT (2.1355192 41.3659954),Barcelona,carrer Parcerisses 48,Pharmacy
6409913300,POINT (2.1375264 41.3625907),Barcelona,passeig de la Zona Franca 226,Pharmacy
6417409085,POINT (2.1334191 41.3918344),Barcelona,avinguda Sarrià 125,Pharmacy
6417516187,POINT (2.1450665 41.3949559),Barcelona,carrer Amigo 30,Pharmacy
6417516188,POINT (2.1468139 41.394748),Barcelona,carrer Santaló 3,Pharmacy
6420528186,POINT (2.1615029 41.4301484),Barcelona,carrer Fulton 18,Pharmacy
6420556785,POINT (2.1722007 41.4266774),Barcelona,passeig de Maragall 248,Pharmacy
6420561937,POINT (2.178266 41.4228977),Barcelona,passeig de Maragall 177,Pharmacy
6420630887,POINT (2.1845102 41.4120254),Barcelona,carrer Muntanya 79,Pharmacy
6424929009,POINT (2.1284589 41.3804516),Barcelona,avinguda Carles Iii 15,Pharmacy
6431508439,POINT (2.1339788 41.3694853),Barcelona,carrer Constitució 118,Pharmacy
6434445912,POINT (2.1431241 41.3600458),Barcelona,carrer Ferrocarrils Catalans 69,Pharmacy
6434446208,POINT (2.1374835 41.3641827),Barcelona,carrer La Mineria 12,Pharmacy
6437383478,POINT (2.1353094 41.372833),Barcelona,carrer Burgos 68,Pharmacy
6437384465,POINT (2.1378238 41.3780806),Barcelona,carrer Vallespir 13,Pharmacy
6447263986,POINT (2.1322955 41.3869989),Barcelona,carrer Solà 1,Pharmacy
6447270888,POINT (2.1326014 41.3800721),Barcelona,carrer Joan Guell 91,Pharmacy
6447329586,POINT (2.142364 41.3731424),Barcelona,carrer Moianes 51,Pharmacy
6459266295,POINT (2.1352739 41.3721853),Barcelona,carrer Sagunt 83,Pharmacy
6462929157,POINT (2.1330247 41.3825335),Barcelona,carrer Galileu 250,Pharmacy
6465382122,POINT (2.1637004 41.3968861),Barcelona,,Pharmacy
6473573886,POINT (2.1462966 41.4029762),Barcelona,carrer Gleva 9,Pharmacy
6488829058,POINT (2.1368884 41.3794704),Barcelona,carrer Vallespir 45,Pharmacy
6537958576,POINT (2.1641943 41.3851434),Barcelona,,Pharmacy
6557455672,POINT (2.1449013 41.3901791),Barcelona,avinguda Sarria 31,Pharmacy
6589854555,POINT (2.1799906 41.4392131),Barcelona,passeig de Valldaura 247,Pharmacy
6589854556,POINT (2.1809094 41.4418874),Barcelona,carrer Enric Casanovas 94,Pharmacy
6635908585,POINT (2.1840991 41.4281834),Barcelona,avinguda Meridiana 361,Pharmacy
6702606885,POINT (2.1629898 41.4331078),Barcelona,carrer Mestre Dalmau 2,Pharmacy
6702768186,POINT (2.182519 41.423424),Barcelona,carrer de Garcilaso 138,Pharmacy
6702794686,POINT (2.1746509 41.4285664),Barcelona,avinguda Borbon 64,Pharmacy
6708752985,POINT (2.1460489 41.4097987),Barcelona,avinguda República Argentina 67,Pharmacy
6750968926,POINT (2.1373561 41.3598748),Barcelona,,Pharmacy
6766801765,POINT (2.1359983 41.3775077),Barcelona,,Pharmacy
6814009599,POINT (2.1748596 41.3824544),Barcelona,carrer Banys Nous 14,Pharmacy
6853248285,POINT (2.1512589 41.4099521),Barcelona,carrer Valldoreix 7,Pharmacy
6873385191,POINT (2.1372446 41.3716521),Barcelona,carrer Olzinelles 71,Pharmacy
6875208485,POINT (2.1734785 41.4330391),Barcelona,carrer Doctor Pi I Molist 66,Pharmacy
6909313585,POINT (2.1690987 41.4274473),Barcelona,passeig de Maragall 310,Pharmacy
6909396885,POINT (2.1495829 41.4332244),Barcelona,carrer Berruguete 56,Pharmacy
6939006485,POINT (2.1430072 41.4123727),Barcelona,,Pharmacy
6971049586,POINT (2.1770784 41.4199698),Barcelona,passeig Llívia 47,Pharmacy
6976166486,POINT (2.1591075 41.4098086),Barcelona,carrer Escorial 150,Pharmacy
6976166785,POINT (2.1616067 41.4068107),Barcelona,carrer Escorial 21,Pharmacy
6976166987,POINT (2.1691577 41.4015945),Barcelona,carrer Roger de Flor 240,Pharmacy
6982273986,POINT (2.1818508 41.3839868),Barcelona,carrer Sombrerers 19,Pharmacy
6982276285,POINT (2.1823975 41.3844867),Barcelona,passeig del Born 11,Pharmacy
7003296910,POINT (2.1659033 41.3732516),Barcelona,Carrer de Salvà 33,Pharmacy
7006723553,POINT (2.2026156 41.4353122),Barcelona,carrer Estadella 27,Pharmacy
7017574421,POINT (2.1329118 41.3960699),Barcelona,carrer Angel Guimera 14,Pharmacy
7021347886,POINT (2.1363131 41.3698819),Barcelona,carrer Constitucio 50,Pharmacy
7023315585,POINT (2.1864253 41.4216947),Barcelona,avinguda Meridiana 259,Pharmacy
7056238087,POINT (2.1677891 41.3795773),Barcelona,rambla Del Raval 2,Pharmacy
7056238088,POINT (2.1674752 41.3806316),Barcelona,carrer Carme 84,Pharmacy
7056282485,POINT (2.1601524 41.3776938),Barcelona,carrer de Viladomat 60 bis,Pharmacy
7056286186,POINT (2.1612445 41.3806957),Barcelona,carrer Floridablanca 117,Pharmacy
7074375486,POINT (2.1858465 41.4267364),Barcelona,avinguda Meridiana 344,Pharmacy
7074375589,POINT (2.1871422 41.4247442),Barcelona,avinguda Meridiana 320 b,Pharmacy
7074410987,POINT (2.1863202 41.4495767),Barcelona,carrer Palamós 58,Pharmacy
7090482685,POINT (2.1454104 41.4065461),Barcelona,carrer Ballester 31,Pharmacy
7090490085,POINT (2.1483076 41.4075937),Barcelona,avinguda República Argentina 14,Pharmacy
7098019685,POINT (2.1862838 41.4342822),Barcelona,carrer Ruben Dario 79,Pharmacy
7098029586,POINT (2.1897908 41.4351593),Barcelona,carrer Gran de Sant Andreu 260,Pharmacy
7098029885,POINT (2.1890605 41.4346371),Barcelona,carrer Mercat 11,Pharmacy
7098056586,POINT (2.1860686 41.4282473),Barcelona,carrer Torroella de Montgri 23,Pharmacy
7098065786,POINT (2.1875776 41.4214189),Barcelona,carrer Hondures 63,Pharmacy
7108679489,POINT (2.1349026 41.3897921),Barcelona,avinguda Diagonal 557,Pharmacy
7108807788,POINT (2.1197212 41.4002189),Barcelona,carrer Sagrat Cor 8,Pharmacy
7108830188,POINT (2.120019 41.3984242),Barcelona,carrer Duquessa D'Orleans 28,Pharmacy
7125906653,POINT (2.1632578 41.3907436),Barcelona,carrer Arago 260,Pharmacy
7158510585,POINT (2.1800025 41.428775),Barcelona,carrer Escocia 64,Pharmacy
7194898886,POINT (2.1531686 41.3758437),Barcelona,avinguda Mistral 66,Pharmacy
7194929488,POINT (2.1640542 41.3790002),Barcelona,carrer Sant Antoni Abat 44,Pharmacy
7226729885,POINT (2.1567246 41.4205395),Barcelona,carrer Calderon De La Barca 88,Pharmacy
7226786785,POINT (2.1550636 41.421974),Barcelona,carrer Ramon Rocafull 95,Pharmacy
7229011385,POINT (2.1574937 41.4187299),Barcelona,carrer Gran Vista 135,Pharmacy
7237375571,POINT (2.1708846 41.3952998),Barcelona,carrer Girona 72,Pharmacy
7292500885,POINT (2.1588171 41.4133549),Barcelona,carrer Miquel I Badia 12,Pharmacy
7296669097,POINT (2.1883198 41.4405981),Barcelona,carrer Gran de Sant Andreu 435,Pharmacy
7296669101,POINT (2.1867626 41.4419211),Barcelona,plaça Mossen Clapes 9,Pharmacy
7296669106,POINT (2.188277 41.4435479),Barcelona,carrer Gran de Sant Andreu 505,Pharmacy
7296669108,POINT (2.1834053 41.4633963),Barcelona,to de tapioles 27,Pharmacy
7296669117,POINT (2.1921067 41.4417661),Barcelona,carrer Cinca 92,Pharmacy
7296669122,POINT (2.1771426 41.4461444),Barcelona,carrer Camprecios 7,Pharmacy
7296669133,POINT (2.1740839 41.4471944),Barcelona,carrer Mina de la Ciutat 20,Pharmacy
7296669135,POINT (2.189683 41.4419889),Barcelona,carrer Palomar 28,Pharmacy
7296669136,POINT (2.1714558 41.4463715),Barcelona,carrer Artesania 148,Pharmacy
7296669137,POINT (2.1775462 41.4480453),Barcelona,carrer Nou Barris 23,Pharmacy
7296669138,POINT (2.1912789 41.4525957),Barcelona,carrer Turo de la Trinitat 107,Pharmacy
7296669147,POINT (2.176358 41.4487299),Barcelona,carrer Mina de la Ciutat 91,Pharmacy
7318977161,POINT (2.1419826 41.3693316),Barcelona,gv corts catalanes 00216,Pharmacy
7323008982,POINT (2.1675627 41.4353247),Barcelona,passeig d'Urrutia 64,Pharmacy
7323008983,POINT (2.1653457 41.4382786),Barcelona,passeig de Fabra i Puig 439,Pharmacy
7323008984,POINT (2.1651803 41.4347537),Barcelona,carrer Vila-Seca 39,Pharmacy
7323048425,POINT (2.1746737 41.4374462),Barcelona,carrer Bunyola 12,Pharmacy
7323048426,POINT (2.1806439 41.4379565),Barcelona,avinguda Rio de Janeiro 65,Pharmacy
7323048427,POINT (2.1781936 41.4377459),Barcelona,carrer Garrofers 52,Pharmacy
7323048428,POINT (2.1787145 41.4351367),Barcelona,carrer Pintor Alsamora 21,Pharmacy
7323048429,POINT (2.1744816 41.4359756),Barcelona,carrer Alcudia 46,Pharmacy
7323048430,POINT (2.1764559 41.4346558),Barcelona,carrer Valldemossa 30,Pharmacy
7323048431,POINT (2.1700488 41.4335051),Barcelona,carrer Montsant 31-33,Pharmacy
7323148401,POINT (2.1863728 41.4401181),Barcelona,carrer Bartrina 7,Pharmacy
7323148402,POINT (2.1850486 41.4356252),Barcelona,carrer Pons I Gallarza 92,Pharmacy
7323148403,POINT (2.1930942 41.4392596),Barcelona,carrer Fernando Pessoa 9,Pharmacy
7323148404,POINT (2.1851172 41.4373945),Barcelona,avinguda Meridiana 510,Pharmacy
7323148407,POINT (2.1866183 41.4363384),Barcelona,carrer Jorba 27,Pharmacy
7323148408,POINT (2.1889134 41.4386917),Barcelona,carrer Gran de Sant Andreu 368,Pharmacy
7323148409,POINT (2.1921021 41.4346327),Barcelona,carrer Segre 19,Pharmacy
7323155126,POINT (2.1662435 41.4311466),Barcelona,carrer Vall D'Ordesa 10,Pharmacy
7323155127,POINT (2.1720278 41.4299105),Barcelona,carrer Amilcar Barca 7,Pharmacy
7323155128,POINT (2.1694339 41.4300277),Barcelona,carrer Teide 6,Pharmacy
7323155129,POINT (2.1706185 41.4326587),Barcelona,carrer Aneto 26-28,Pharmacy
7323155130,POINT (2.1728484 41.4280853),Barcelona,carrer Francesc Bolos 35,Pharmacy
7323177655,POINT (2.1782616 41.427654),Barcelona,carrer Felip Ii 224,Pharmacy
7323177656,POINT (2.1759582 41.4285533),Barcelona,carrer Felip Ii 271,Pharmacy
7323198179,POINT (2.192892 41.4318735),Barcelona,carrer Doctor Santponç 103,Pharmacy
7323198180,POINT (2.1824477 41.4278144),Barcelona,carrer Pardo 17,Pharmacy
7323198181,POINT (2.1921963 41.4299525),Barcelona,rambla de L'Onze de Setembre 37,Pharmacy
7323198182,POINT (2.1872007 41.4297373),Barcelona,carrer Camil Fabra 5,Pharmacy
7323198184,POINT (2.1857262 41.4327563),Barcelona,plaça de Les Palmeres 9,Pharmacy
7323219564,POINT (2.1664972 41.4263141),Barcelona,carrer Trevol 2,Pharmacy
7323219565,POINT (2.1747257 41.4238041),Barcelona,carrer Segle Xx 61,Pharmacy
7323219566,POINT (2.1780708 41.4258356),Barcelona,carrer de les Acàcies 57,Pharmacy
7323219567,POINT (2.172769 41.4222492),Barcelona,carrer Amilcar Barca 158,Pharmacy
7323219568,POINT (2.17725 41.4214769),Barcelona,ronda Del Guinardo 196,Pharmacy
7323219569,POINT (2.1726841 41.4242458),Barcelona,carrer Amilcar 151,Pharmacy
7323219570,POINT (2.1736248 41.4251943),Barcelona,carrer Lluis Sagnier 55,Pharmacy
7323219571,POINT (2.1686933 41.4262273),Barcelona,carrer Alt de Pedrell 58,Pharmacy
7323219572,POINT (2.1748124 41.4223415),Barcelona,avinguda Mare de Déu de Montserrat 240,Pharmacy
7323219573,POINT (2.1688238 41.4236681),Barcelona,carrer Montserrat Casanovas 12,Pharmacy
7323388993,POINT (2.1889381 41.4230564),Barcelona,carrer Valles I Ribot 8,Pharmacy
7323388994,POINT (2.1843337 41.4250034),Barcelona,carrer Concepció Arenal 124,Pharmacy
7323388995,POINT (2.185753 41.4244193),Barcelona,carrer Olesa 65,Pharmacy
7323415260,POINT (2.1692892 41.4118536),Barcelona,carrer Padilla 378,Pharmacy
7323415261,POINT (2.1727778 41.4119182),Barcelona,carrer Rosalia de Castro 52,Pharmacy
7323415262,POINT (2.1700568 41.4137483),Barcelona,ronda Del Guinardo 77,Pharmacy
7323415265,POINT (2.1648608 41.4148554),Barcelona,avinguda Mare de Déu de Montserrat 71,Pharmacy
7323415267,POINT (2.1682074 41.4141393),Barcelona,carrer Castillejos 437,Pharmacy
7323415268,POINT (2.1712554 41.4120163),Barcelona,carrer Castillejos 376,Pharmacy
7323433069,POINT (2.1828608 41.4177164),Barcelona,carrer Sant Antoni Maria Claret 277,Pharmacy
7323505978,POINT (2.201033 41.4174638),Barcelona,carrer Concili de Trento 194,Pharmacy
7323513281,POINT (2.2148437 41.4150768),Barcelona,rambla Prim 74,Pharmacy
7323513282,POINT (2.2061782 41.4137561),Barcelona,carrer Pere Iv 456,Pharmacy
7323513283,POINT (2.2173456 41.4135569),Barcelona,carrer Jaume Fabré 2,Pharmacy
7323513284,POINT (2.2123015 41.4150445),Barcelona,carrer Maresme 104,Pharmacy
7323513500,POINT (2.1883852 41.4194745),Barcelona,carrer Felip Ii 70,Pharmacy
7323513501,POINT (2.190548 41.4184255),Barcelona,carrer Palencia 35,Pharmacy
7323522888,POINT (2.2031743 41.419961),Barcelona,carrer Puigcerda 253,Pharmacy
7323522893,POINT (2.2140709 41.4137085),Barcelona,carrer Maresme 64,Pharmacy
7323561810,POINT (2.2064652 41.4053383),Barcelona,carrer Borrell 68,Pharmacy
7323561811,POINT (2.2157768 41.4086351),Barcelona,Carrer de Josep Pla 19-21,Pharmacy
7323561812,POINT (2.204959 41.4064264),Barcelona,carrer Pallars 328,Pharmacy
7323577842,POINT (2.1793442 41.4126515),Barcelona,carrer Sant Quinti 20,Pharmacy
7323577843,POINT (2.1781606 41.414205),Barcelona,carrer Sant Antoni Maria Claret 181,Pharmacy
7323577844,POINT (2.1782504 41.4100592),Barcelona,carrer Dos de Maig 288,Pharmacy
7323577847,POINT (2.1771353 41.4114718),Barcelona,carrer Industria 206,Pharmacy
7323584764,POINT (2.1698486 41.4058431),Barcelona,carrer Industria 80,Pharmacy
7323584765,POINT (2.1650008 41.4095684),Barcelona,carrer Sardenya 487,Pharmacy
7323584766,POINT (2.1748153 41.4073595),Barcelona,carrer Padilla 295,Pharmacy
7323584767,POINT (2.1736259 41.4068875),Barcelona,carrer Lepant 330,Pharmacy
7323584768,POINT (2.1741826 41.4106777),Barcelona,avinguda Gaudi 85,Pharmacy
7323584769,POINT (2.165894 41.4108678),Barcelona,carrer Alcalde de Mostoles 33,Pharmacy
7323584770,POINT (2.1727383 41.4081523),Barcelona,carrer Industria 128,Pharmacy
7323584771,POINT (2.1679075 41.4048167),Barcelona,carrer Industria 65,Pharmacy
7323584772,POINT (2.1697264 41.4099599),Barcelona,carrer Lepant 398,Pharmacy
7323621776,POINT (2.1920536 41.4078768),Barcelona,gv corts catalanes 00871,Pharmacy
7323630271,POINT (2.1763183 41.4023257),Barcelona,carrer Valencia 440,Pharmacy
7323630272,POINT (2.1776182 41.4066976),Barcelona,carrer Provença 506,Pharmacy
7323664358,POINT (2.189323 41.4057226),Barcelona,gv corts catalanes 00839,Pharmacy
7323736914,POINT (2.1709142 41.3980537),Barcelona,passeig de Sant Joan 87,Pharmacy
7323736916,POINT (2.1724061 41.4005297),Barcelona,carrer Napols 235,Pharmacy
7323736917,POINT (2.169462 41.3976466),Barcelona,carrer Bailèn 113,Pharmacy
7323736918,POINT (2.1712925 41.3992142),Barcelona,avinguda Diagonal 319,Pharmacy
7323743413,POINT (2.174149 41.3977946),Barcelona,carrer Roger De Flor 166,Pharmacy
7323743415,POINT (2.1744449 41.4012006),Barcelona,carrer Valencia 393,Pharmacy
7323747625,POINT (2.1717513 41.3907897),Barcelona,carrer Roger De Lluria 17,Pharmacy
7323747626,POINT (2.1737568 41.3866909),Barcelona,carrer Comtal 25,Pharmacy
7323749405,POINT (2.1682985 41.3934027),Barcelona,carrer Roger De Lluria 51,Pharmacy
7323749406,POINT (2.1681233 41.3918346),Barcelona,carrer Pau Claris 111,Pharmacy
7323749407,POINT (2.1743069 41.3943714),Barcelona,gv corts catalanes 00669,Pharmacy
7323749408,POINT (2.1694553 41.3945131),Barcelona,carrer Bruc 88,Pharmacy
7323749412,POINT (2.1712803 41.3965669),Barcelona,carrer Bailen 92,Pharmacy
7323785307,POINT (2.1808171 41.3934118),Barcelona,carrer Ali-Bei 38,Pharmacy
7323785308,POINT (2.183641 41.3903305),Barcelona,carrer Roger De Flor 9 bis,Pharmacy
7323785309,POINT (2.1852869 41.3910603),Barcelona,carrer Napols 4,Pharmacy
7323785310,POINT (2.1763177 41.3937007),Barcelona,carrer Casp 67,Pharmacy
7323785311,POINT (2.1807867 41.3902055),Barcelona,passeig de Lluís Companys 7,Pharmacy
7323785312,POINT (2.1806893 41.3881124),Barcelona,plaça Sant Agustí Vell 11,Pharmacy
7323785941,POINT (2.1882345 41.380674),Barcelona,carrer Maquinista 9,Pharmacy
7323785942,POINT (2.1904708 41.3802334),Barcelona,carrer Andrea Doria 14,Pharmacy
7323785943,POINT (2.1897252 41.3784737),Barcelona,carrer Almirall Cervera 15,Pharmacy
7323809852,POINT (2.1794549 41.3852524),Barcelona,plaça Llana 11,Pharmacy
7323809854,POINT (2.1840961 41.3838959),Barcelona,avinguda Marquès de L'Argentera 5,Pharmacy
7323809855,POINT (2.175506 41.3789519),Barcelona,rambla La Rambla 38,Pharmacy
7323813053,POINT (2.1718901 41.3750474),Barcelona,avinguda Paral Lel 48,Pharmacy
7323813055,POINT (2.1722387 41.3793006),Barcelona,carrer de Sant Pau 44,Pharmacy
7323813056,POINT (2.1750305 41.3794972),Barcelona,rambla La Rambla 44,Pharmacy
7323813057,POINT (2.1760437 41.3792218),Barcelona,carrer Escudellers 8,Pharmacy
7323813058,POINT (2.1775928 41.3768896),Barcelona,carrer Josep Anselm Clavé 3,Pharmacy
7323872558,POINT (2.1701618 41.3736979),Barcelona,carrer Vila I Vilà 57,Pharmacy
7323872559,POINT (2.1666396 41.3734473),Barcelona,Carrer del Roser 28,Pharmacy
7323872560,POINT (2.1709478 41.3723116),Barcelona,passeig de Montjuïc 36,Pharmacy
7323872562,POINT (2.1665072 41.3729929),Barcelona,Carrer del Roser 39,Pharmacy
7323899885,POINT (2.1719978 41.3831792),Barcelona,carrer Portaferrissa 1,Pharmacy
7323899887,POINT (2.1692778 41.3801677),Barcelona,carrer Hospital 70,Pharmacy
7323899888,POINT (2.1688139 41.3822757),Barcelona,carrer Pintor Fortuny 31,Pharmacy
7323899889,POINT (2.1656099 41.3785545),Barcelona,carrer Cera 30,Pharmacy
7323899890,POINT (2.1660796 41.38221),Barcelona,carrer Joaquim Costa 31,Pharmacy
7323899891,POINT (2.1657757 41.3793909),Barcelona,carrer Sant Antoni Abat 1,Pharmacy
7323899892,POINT (2.1692541 41.3783535),Barcelona,rambla Del Raval 14,Pharmacy
7329557138,POINT (2.1047433 41.412991),Barcelona,plaça Vallvidrera 5,Pharmacy
7329781663,POINT (2.1113329 41.3760077),Barcelona,carrer Collblanc 154,Pharmacy
7329781666,POINT (2.1092071 41.3849916),Barcelona,carrer Gonzalez Tablas 5,Pharmacy
7329991556,POINT (2.1348506 41.4089703),Barcelona,passeig de Sant Gervasi 24,Pharmacy
7330151099,POINT (2.1233233 41.388498),Barcelona,carrer Dr.Ferran 7,Pharmacy
7330151100,POINT (2.1310318 41.3908816),Barcelona,carrer Numancia 185,Pharmacy
7330151101,POINT (2.1311929 41.3932926),Barcelona,ronda Gral.Mitre 9,Pharmacy
7330151102,POINT (2.1209508 41.3954896),Barcelona,carrer Trinquet 8,Pharmacy
7330151103,POINT (2.1248663 41.3937324),Barcelona,carrer Capita Arenas 62,Pharmacy
7330151104,POINT (2.1359509 41.39952),Barcelona,carrer Vico 17,Pharmacy
7330151105,POINT (2.127806 41.3983279),Barcelona,carrer Angli 4,Pharmacy
7330151106,POINT (2.1345133 41.4042525),Barcelona,carrer Bisbe Sivilla 40,Pharmacy
7330151107,POINT (2.1264211 41.3951509),Barcelona,passeig de Sant Joan Bosco 57,Pharmacy
7330151108,POINT (2.1249511 41.3982875),Barcelona,carrer Cardenal Sentmenat 35,Pharmacy
7330151109,POINT (2.1308773 41.3979316),Barcelona,via augusta 276,Pharmacy
7330151110,POINT (2.1256151 41.3899793),Barcelona,carrer Manila 49,Pharmacy
7330151111,POINT (2.122405 41.3945136),Barcelona,carrer Riu De L'Or 33,Pharmacy
7330151112,POINT (2.1268769 41.3925463),Barcelona,carrer Benet Mateu 32,Pharmacy
7330151113,POINT (2.1339699 41.3997528),Barcelona,carrer Ganduxer 94,Pharmacy
7330151114,POINT (2.1341245 41.3970749),Barcelona,carrer Escoles Pies 23,Pharmacy
7330151115,POINT (2.1230048 41.396455),Barcelona,carrer Oriol Mestres 1,Pharmacy
7330151117,POINT (2.113806 41.3953489),Barcelona,carrer Bisbe Catala 8,Pharmacy
7330151118,POINT (2.1271345 41.396223),Barcelona,carrer Milanesat 1,Pharmacy
7330151119,POINT (2.1328011 41.393793),Barcelona,ronda General Mitre 36,Pharmacy
7332854059,POINT (2.1365391 41.357896),Barcelona,carrer Energia 9,Pharmacy
7332912398,POINT (2.15702 41.4344383),Barcelona,carrer Sant Gaudenci 11,Pharmacy
7332912400,POINT (2.1520226 41.4259729),Barcelona,carrer Panta De Tremp 63,Pharmacy
7332912401,POINT (2.1557107 41.4254729),Barcelona,plaça Pastrana 1,Pharmacy
7332912402,POINT (2.1476989 41.4306122),Barcelona,carrer Juan De Mena 1,Pharmacy
7332912403,POINT (2.153439 41.4243799),Barcelona,carrer Bernat Bransi 38,Pharmacy
7332912406,POINT (2.1416522 41.4338234),Barcelona,,Pharmacy
7332912407,POINT (2.1552154 41.4268851),Barcelona,carrer Dante Alighieri 118,Pharmacy
7332912408,POINT (2.1536026 41.4253691),Barcelona,carrer Dante Alighieri 155,Pharmacy
7332912409,POINT (2.1585105 41.4278891),Barcelona,carrer Dante Alighieri 66,Pharmacy
7333040775,POINT (2.129956 41.3785724),Barcelona,carrer Violant D'Hongria 60,Pharmacy
7333040776,POINT (2.1334412 41.3707621),Barcelona,passatge d'Andalusia 14,Pharmacy
7333040777,POINT (2.1277579 41.3732328),Barcelona,carrer Carreras Candi 49,Pharmacy
7333040779,POINT (2.1294405 41.3708877),Barcelona,carrer Esteras 28,Pharmacy
7333040780,POINT (2.1277279 41.3749713),Barcelona,carrer Sugranyes 11,Pharmacy
7333040781,POINT (2.1292659 41.3756338),Barcelona,carrer Sants 234,Pharmacy
7333040782,POINT (2.1218906 41.3769604),Barcelona,Carrer de la Riera Blanca 11,Pharmacy
7333079885,POINT (2.1199327 41.3784628),Barcelona,carrer Arístides Maillol 9,Pharmacy
7333079886,POINT (2.1318451 41.3775338),Barcelona,carrer Tenor Masini 52,Pharmacy
7333079890,POINT (2.1285342 41.3838515),Barcelona,gv de carles iii 58,Pharmacy
7333079892,POINT (2.125596 41.3853774),Barcelona,carrer Sabino De Arana 20,Pharmacy
7333079893,POINT (2.1297676 41.3872156),Barcelona,carrer Europa 17,Pharmacy
7333079894,POINT (2.1288489 41.3782631),Barcelona,carrer Violant D'Hongria 53,Pharmacy
7333079895,POINT (2.1331458 41.3753274),Barcelona,carrer Sants 145,Pharmacy
7333079896,POINT (2.1340663 41.384189),Barcelona,carrer Vallespir 190,Pharmacy
7333079898,POINT (2.1290891 41.385405),Barcelona,carrer Dolors Masferrer I Bosch 16,Pharmacy
7333079899,POINT (2.1328293 41.3747608),Barcelona,carrer Sant Medir 12,Pharmacy
7333079900,POINT (2.1299761 41.3810174),Barcelona,carrer Pobla De Lillet 20,Pharmacy
7333079901,POINT (2.131451 41.3733609),Barcelona,carrer Badal 156,Pharmacy
7333079902,POINT (2.1305343 41.3764433),Barcelona,carrer Brasil 14,Pharmacy
7333079903,POINT (2.1353292 41.3759765),Barcelona,plaça de Sants 9,Pharmacy
7333079904,POINT (2.1309756 41.3798863),Barcelona,carrer Tenor Masini 116,Pharmacy
7333079905,POINT (2.126651 41.3771013),Barcelona,carrer Portbou 38,Pharmacy
7333079906,POINT (2.1237273 41.3760758),Barcelona,avinguda Madrid 8,Pharmacy
7333079907,POINT (2.1257561 41.3795126),Barcelona,carrer Felipe De Paz 8,Pharmacy
7333079908,POINT (2.1287377 41.3766187),Barcelona,carrer Miquel Angel 113,Pharmacy
7333079911,POINT (2.1354855 41.3879744),Barcelona,carrer Taquígraf Garriga 67,Pharmacy
7333079912,POINT (2.1242281 41.3778601),Barcelona,carrer Arizala 48,Pharmacy
7333079913,POINT (2.1314978 41.3715766),Barcelona,carrer Antoni De Capmany 31,Pharmacy
7335221751,POINT (2.1503217 41.4114872),Barcelona,carrer Sostres 15,Pharmacy
7335221752,POINT (2.1509008 41.4240604),Barcelona,carrer Murtra 8,Pharmacy
7335221753,POINT (2.1476226 41.4164007),Barcelona,carrer Beat Almato 18-20,Pharmacy
7335221754,POINT (2.1448391 41.4138429),Barcelona,passeig de la Mare de Déu del Coll 6,Pharmacy
7335221755,POINT (2.1481964 41.4219694),Barcelona,carrer Besos 27,Pharmacy
7335221758,POINT (2.1543601 41.4109584),Barcelona,passatge de Sant Josep de la Muntanya 6,Pharmacy
7335221759,POINT (2.1493717 41.409127),Barcelona,carrer Mare De Déu Del Coll 31,Pharmacy
7335221760,POINT (2.1488468 41.4231462),Barcelona,carrer Santa Rosalia 82,Pharmacy
7335221761,POINT (2.1583687 41.4202901),Barcelona,carrer Queixans 4,Pharmacy
7335221762,POINT (2.1557114 41.4072479),Barcelona,carrer Alzina 44,Pharmacy
7335221763,POINT (2.1519918 41.421501),Barcelona,carrer Hortal 41,Pharmacy
7335221764,POINT (2.1444652 41.4077986),Barcelona,carrer Osona 3,Pharmacy
7335221765,POINT (2.159356 41.4148462),Barcelona,carrer Albert Llanas 2 bloc 1,Pharmacy
7335221766,POINT (2.1466692 41.4131935),Barcelona,carrer Farigola 48,Pharmacy
7335221767,POINT (2.1520197 41.4221512),Barcelona,carrer Llobregos 206,Pharmacy
7335221768,POINT (2.1359894 41.4161064),Barcelona,carrer Collserola 21,Pharmacy
7335221769,POINT (2.1564182 41.4086458),Barcelona,carrer Sant Salvador 125,Pharmacy
7335221770,POINT (2.1587351 41.4170374),Barcelona,carrer Pasteur 1,Pharmacy
7335221771,POINT (2.1547981 41.412425),Barcelona,rambla Mercedes 26,Pharmacy
7335221772,POINT (2.1523707 41.4112934),Barcelona,avinguda Coll Del Portell 55,Pharmacy
7335221773,POINT (2.144542 41.4062584),Barcelona,carrer Escipio 53,Pharmacy
7335221774,POINT (2.1385454 41.4136932),Barcelona,avinguda República Argentina 270,Pharmacy
7335221775,POINT (2.1396679 41.4134338),Barcelona,carrer Gomis 49,Pharmacy
7335221776,POINT (2.1583012 41.4145544),Barcelona,avinguda Pompeu Fabra 2,Pharmacy
7335221777,POINT (2.1455899 41.4221402),Barcelona,carrer Fastenrath 65,Pharmacy
7335221778,POINT (2.153713 41.4070215),Barcelona,carrer Verdi 132,Pharmacy
7335221780,POINT (2.1539759 41.4211617),Barcelona,passatge dels Santuaris 13,Pharmacy
7335221781,POINT (2.1454186 41.4213943),Barcelona,carrer Santa Rosalia 31,Pharmacy
7335221782,POINT (2.1524524 41.4209269),Barcelona,carrer Santuari 53,Pharmacy
7335221783,POINT (2.1582527 41.4114676),Barcelona,ts de dalt 110,Pharmacy
7340367475,POINT (2.1534018 41.4014693),Barcelona,carrer Gran De Gracia 115,Pharmacy
7340367478,POINT (2.1384832 41.396282),Barcelona,carrer Valero 10,Pharmacy
7340367479,POINT (2.1455569 41.4022039),Barcelona,carrer Balmes 303,Pharmacy
7340367480,POINT (2.151343 41.3983397),Barcelona,carrer Balmes 222,Pharmacy
7340367481,POINT (2.1484391 41.4025919),Barcelona,carrer Saragossa 42,Pharmacy
7340367482,POINT (2.1451894 41.4046633),Barcelona,carrer Saragossa 133,Pharmacy
7340367483,POINT (2.1595037 41.3896688),Barcelona,carrer Valencia 224,Pharmacy
7340367484,POINT (2.1395423 41.3941174),Barcelona,carrer Francesc Perez I Cabrero 11,Pharmacy
7340393685,POINT (2.1486174 41.3967979),Barcelona,,Pharmacy
7340393686,POINT (2.1384345 41.4025702),Barcelona,carrer Muntaner 476,Pharmacy
7340393687,POINT (2.1423547 41.3931763),Barcelona,carrer Mestre Nicolau 6,Pharmacy
7340393688,POINT (2.141604 41.3950523),Barcelona,carrer Ferran Agullo 4,Pharmacy
7340393689,POINT (2.1370162 41.4007069),Barcelona,carrer Ravella 11,Pharmacy
7340393690,POINT (2.1366083 41.3979548),Barcelona,Via Augusta 00242,Pharmacy
7340393691,POINT (2.1442908 41.4011481),Barcelona,carrer Sant Elies 28,Pharmacy
7340393693,POINT (2.1465618 41.3862305),Barcelona,carrer Calabria 242-4,Pharmacy
7340393694,POINT (2.1533025 41.3945161),Barcelona,carrer Enric Granados 155,Pharmacy
7340393696,POINT (2.1570188 41.39),Barcelona,carrer Aribau 91,Pharmacy
7340393697,POINT (2.1535623 41.3960685),Barcelona,carrer Balmes 173,Pharmacy
7340393698,POINT (2.1599169 41.3914926),Barcelona,carrer Balmes 94,Pharmacy
7340393699,POINT (2.1099401 41.4086807),Barcelona,avinguda Sarrià 82,Pharmacy
7340393700,POINT (2.1390378 41.3932419),Barcelona,carrer Bori I Fontesta 18,Pharmacy
7340393701,POINT (2.1587204 41.4008716),Barcelona,carrer Torrent De L'Olla 67,Pharmacy
7340393703,POINT (2.1394529 41.4043537),Barcelona,carrer Sant Gervasi De Cassoles 10,Pharmacy
7340393704,POINT (2.1544349 41.4005664),Barcelona,carrer Gran De Gracia 87,Pharmacy
7340393705,POINT (2.1397895 41.406071),Barcelona,carrer Bertran 39,Pharmacy
7340393706,POINT (2.1374965 41.3945596),Barcelona,plaça Sant Gregori Taumaturg 8,Pharmacy
7340393707,POINT (2.146441 41.4007269),Barcelona,Via Augusta 00113,Pharmacy
7340393708,POINT (2.1398526 41.4026924),Barcelona,passatge d'Hercegovina 4,Pharmacy
7340393709,POINT (2.1434164 41.40324),Barcelona,carrer Balmes 338,Pharmacy
7340393710,POINT (2.1545106 41.3887456),Barcelona,carrer Casanova 140,Pharmacy
7340393712,POINT (2.1421171 41.3895488),Barcelona,carrer Loreto 20,Pharmacy
7340393713,POINT (2.1418895 41.399711),Barcelona,carrer Muntaner 393,Pharmacy
7340393714,POINT (2.1401889 41.400802),Barcelona,carrer Copernic 47,Pharmacy
7340393715,POINT (2.1479814 41.3998695),Barcelona,carrer Alfons Xii 61,Pharmacy
7340393716,POINT (2.1592617 41.3980652),Barcelona,carrer Bonavista 11,Pharmacy
7340393718,POINT (2.1436597 41.3915355),Barcelona,carrer Josep Tarradellas 153,Pharmacy
7340393719,POINT (2.1597786 41.3885308),Barcelona,carrer Arago 207,Pharmacy
7340393720,POINT (2.1475989 41.4043386),Barcelona,carrer Francoli 23 BI,Pharmacy
7340393721,POINT (2.1490091 41.3928893),Barcelona,carrer Casanova 236,Pharmacy
7340393722,POINT (2.1538501 41.3999524),Barcelona,plaça Llibertat 2,Pharmacy
7340393723,POINT (2.1425564 41.3884029),Barcelona,carrer Gelabert 21,Pharmacy
7340412531,POINT (2.140917 41.3623006),Barcelona,carrer Gaià 2,Pharmacy
7340412532,POINT (2.1427957 41.3525436),Barcelona,carrer Sovelles 11,Pharmacy
7340412533,POINT (2.1411578 41.3642658),Barcelona,plaça Llorca 5,Pharmacy
7340412534,POINT (2.1405075 41.3677469),Barcelona,carrer La Mineria 70,Pharmacy
7340456296,POINT (2.1551719 41.3799039),Barcelona,gv corts catalanes 00469,Pharmacy
7340456297,POINT (2.1430246 41.3782135),Barcelona,carrer Rector Triado 84,Pharmacy
7340456298,POINT (2.1583453 41.3841551),Barcelona,carrer Diputacio 157,Pharmacy
7340456300,POINT (2.144837 41.3750055),Barcelona,carrer Creu Coberta 81,Pharmacy
7340456301,POINT (2.1452455 41.3821644),Barcelona,carrer Provença 32,Pharmacy
7340456302,POINT (2.1565159 41.3754569),Barcelona,carrer Tamarit 89,Pharmacy
7340456303,POINT (2.1525962 41.3850839),Barcelona,carrer Comte Borrell 198,Pharmacy
7340456304,POINT (2.1486835 41.3866608),Barcelona,carrer Rossello 72,Pharmacy
7340456305,POINT (2.1500972 41.3825554),Barcelona,carrer Valencia 90,Pharmacy
7340456306,POINT (2.146846 41.3713941),Barcelona,carrer Sant Fructuós 29,Pharmacy
7340456307,POINT (2.1536319 41.387236),Barcelona,carrer Mallorca 131,Pharmacy
7340456308,POINT (2.1509961 41.3757609),Barcelona,carrer Llançà 11,Pharmacy
7340456309,POINT (2.1592159 41.3721123),Barcelona,carrer Concordia 47,Pharmacy
7340456310,POINT (2.1498512 41.3807115),Barcelona,carrer Arago 32,Pharmacy
7340456311,POINT (2.1581876 41.3791497),Barcelona,carrer Viladomat 90,Pharmacy
7340456312,POINT (2.1397317 41.373262),Barcelona,carrer Guadiana 37,Pharmacy
7340456313,POINT (2.1572492 41.3778679),Barcelona,carrer Calabria 61,Pharmacy
7340456314,POINT (2.1446973 41.3853356),Barcelona,carrer Corsega 74,Pharmacy
7340456315,POINT (2.1553703 41.3814772),Barcelona,carrer Diputacio 106,Pharmacy
7340456316,POINT (2.1417655 41.3851299),Barcelona,carrer Berlin 107,Pharmacy
7340456317,POINT (2.1485973 41.3851606),Barcelona,carrer Provença 71,Pharmacy
7340456318,POINT (2.1428344 41.3838321),Barcelona,avinguda Josep Tarradellas 46,Pharmacy
7340456319,POINT (2.1380908 41.3870344),Barcelona,carrer del montnegre,Pharmacy
7340456320,POINT (2.1558325 41.3804005),Barcelona,gv corts catalanes 00489,Pharmacy
7340456321,POINT (2.1513329 41.3821146),Barcelona,carrer Arago 97,Pharmacy
7340456322,POINT (2.1382223 41.3763338),Barcelona,carrer Cicero 12,Pharmacy
7340456323,POINT (2.140733 41.3738632),Barcelona,carrer Leiva 3,Pharmacy
7340456324,POINT (2.1478438 41.381568),Barcelona,carrer Entença 129,Pharmacy
7340456325,POINT (2.1596693 41.3867462),Barcelona,carrer Consell De Cent 253,Pharmacy
7340456326,POINT (2.1393524 41.3754323),Barcelona,carrer Sants 34,Pharmacy
7340456327,POINT (2.1397815 41.383776),Barcelona,carrer Berlin 71,Pharmacy
7340456328,POINT (2.1556337 41.3808064),Barcelona,carrer Viladomat 127,Pharmacy
7340456329,POINT (2.1592684 41.3763475),Barcelona,carrer Calabria 27,Pharmacy
7340456330,POINT (2.1467266 41.3735766),Barcelona,gv corts catalanes 00347,Pharmacy
7340456331,POINT (2.1478008 41.3801762),Barcelona,carrer Vilamari 106,Pharmacy
7340456332,POINT (2.1364809 41.383904),Barcelona,carrer Guitard 69,Pharmacy
7340456333,POINT (2.1462534 41.3793603),Barcelona,carrer Llançà 35,Pharmacy
7340456334,POINT (2.1514362 41.3802134),Barcelona,carrer Consell De Cent 98,Pharmacy
7340456335,POINT (2.1455469 41.3750161),Barcelona,carrer Creu Coberta 71,Pharmacy
7340456336,POINT (2.1388731 41.3860405),Barcelona,carrer Taquigraf Serra 3,Pharmacy
7340456337,POINT (2.1549849 41.3850427),Barcelona,carrer Comte D Urgell 132,Pharmacy
7340456338,POINT (2.1556071 41.3774073),Barcelona,carrer Rocafort 49,Pharmacy
7340456339,POINT (2.1410557 41.3817274),Barcelona,carrer Numància 14,Pharmacy
7340456340,POINT (2.1535265 41.3826743),Barcelona,carrer Viladomat 154,Pharmacy
7340456341,POINT (2.1575158 41.3879065),Barcelona,carrer Muntaner 83,Pharmacy
7340456342,POINT (2.1411987 41.3861841),Barcelona,carrer Breda 14,Pharmacy
7340456343,POINT (2.1528049 41.3774696),Barcelona,gv corts catalanes 00424,Pharmacy
7340456344,POINT (2.149986 41.3773958),Barcelona,carrer Diputacio 12,Pharmacy
7340456345,POINT (2.1448427 41.3714474),Barcelona,gv corts catalanes 00278,Pharmacy
7340456346,POINT (2.156687 41.3868467),Barcelona,carrer Casanova 93,Pharmacy
7340705717,POINT (2.1618686 41.434829),Barcelona,carrer Feliu I Codina 45,Pharmacy
7340705718,POINT (2.1623126 41.43723),Barcelona,passeig Universal 22,Pharmacy
7340705719,POINT (2.160663 41.432629),Barcelona,carrer Feliu I Codina 14,Pharmacy
7340765370,POINT (2.1639558 41.4121386),Barcelona,ronda Del Guinardo 31,Pharmacy
7340765371,POINT (2.1634541 41.4145694),Barcelona,avinguda Mare De Déu De Montserrat 49,Pharmacy
7340765372,POINT (2.1625803 41.4167076),Barcelona,plaça Can Baró 6,Pharmacy
7340765373,POINT (2.1633202 41.4090575),Barcelona,carrer Secretari Coloma 57,Pharmacy
7340765374,POINT (2.163833 41.4135244),Barcelona,carrer Camelies 66,Pharmacy
7340765375,POINT (2.1621579 41.410436),Barcelona,carrer Secretari Coloma 92,Pharmacy
7340838020,POINT (2.1623478 41.3989495),Barcelona,carrer Corsega 369,Pharmacy
7340838023,POINT (2.1607373 41.4037185),Barcelona,carrer Montmany 7,Pharmacy
7342515225,POINT (2.1644355 41.3803182),Barcelona,carrer Riera Alta 59,Pharmacy
7342515227,POINT (2.1640011 41.3839696),Barcelona,ronda Sant Antoni 88,Pharmacy
7342515228,POINT (2.1620893 41.3751746),Barcelona,avinguda Paral.Lel 124 porta b,Pharmacy
7342515229,POINT (2.1635729 41.3806385),Barcelona,ronda Sant Antoni 40,Pharmacy
7342515230,POINT (2.1632815 41.3745211),Barcelona,plaça Blasco Garay 7,Pharmacy
7525256886,POINT (2.1765289 41.4167215),Barcelona,,Pharmacy
8320755145,POINT (2.1423689 41.4238091),Barcelona,,Pharmacy
8651646479,POINT (2.1897019 41.437077),Barcelona,,Pharmacy
8731194571,POINT (2.1551354 41.4199655),Barcelona,,Pharmacy
9216019517,POINT (2.1902607 41.4434212),Barcelona,,Pharmacy
9248565139,POINT (2.2050404 41.4236042),Barcelona,,Pharmacy
9310057717,POINT (2.1748667 41.3758173),Barcelona,,Pharmacy
9316342524,POINT (2.1441205 41.3538182),Barcelona,,Pharmacy
9590970242,POINT (2.183582 41.4457877),Barcelona,,Pharmacy
9806608818,POINT (2.1427532 41.3882109),Barcelona,,Pharmacy
10004052722,POINT (2.1509481 41.3846129),Barcelona,,Pharmacy
10039732418,POINT (2.206413 41.4376874),Barcelona,,Pharmacy
10175872732,POINT (2.1684143 41.3997659),Barcelona,,Pharmacy
10199003317,POINT (2.2034639 41.4243957),Barcelona,,Pharmacy
10312705312,POINT (2.1580631 41.4167592),Barcelona,,Pharmacy
10692618305,POINT (2.1829864 41.4208735),Barcelona,,Pharmacy
10944128305,POINT (2.1626764 41.3889645),Barcelona,,Pharmacy
11150233036,POINT (2.1577785 41.4012395),Barcelona,,Pharmacy
11370918255,POINT (2.134416 41.3677946),Barcelona,,Pharmacy
11431878769,POINT (2.1964541 41.4224873),Barcelona,,Pharmacy
11746726002,POINT (2.1318138 41.3682668),Barcelona,riera Blanca 191,Pharmacy
11811161569,POINT (2.1751466 41.4445016),Barcelona,,Pharmacy
11949628470,POINT (2.1762664 41.3894928),Barcelona,,Pharmacy
12076490169,POINT (2.1604807 41.3791341),Barcelona,,Pharmacy